created_at,posted_on_fb,parent_comment_id,highlight_level,comment_type,user_id,depth,extended_comment,source,nb_points,tv_show_name,spoiler_count,posted_on_twitter,nb_likes,updated_at,episode_id,comment,unappropriate_count,lang,valid,same_ip_likes,episode_season_number,id,episode_number
2018-06-29 10:59:17,0,,5,comment,21667900,0,null,mobile,10,Sense8,0,0,2,2018-08-27 10:48:46,6075851,Oh my God! My sister is fucking terminator. 😂😂😂,0,fy,0,2,2,13088259,10
2018-07-04 12:32:42,0,,5,comment,21667900,0,null,mobile,0,The Last Kingdom,0,0,1,2018-07-04 12:32:47,6002312,Prettiest sight for eyes 👀,0,en,0,1,2,13143419,3
2018-07-06 01:41:41,0,,5,comment,21667900,0,null,mobile,40,The Last Kingdom,0,0,5,2023-05-14 05:20:53,6028330,I love Eric 😍😍😍😍😍😍,0,en,0,1,2,13162491,7
2018-07-06 10:58:40,0,,5,comment,21667900,0,null,mobile,70,The Handmaid's Tale,0,0,8,2018-08-27 10:48:45,6741827,"Elizabeth moss totally killed it. 😘 😍
Such an fantastic acting ❤️😭👌",0,en,0,1,2,13165701,11
2018-07-06 13:46:22,0,13165701,5,comment,21667900,1,null,mobile,0,The Handmaid's Tale,0,0,0,2018-07-06 13:46:22,6741827,Lol 😂 😂 i just realized that i typed 'an'. 😁😜,0,fy,0,0,2,13166863,11
2018-07-06 16:43:36,0,,5,comment,21667900,0,null,mobile,140,The Handmaid's Tale,0,0,15,2018-08-27 10:48:44,6680177,Don't know how this season is going to end...,0,en,0,1,2,13168440,12
2018-07-07 16:30:39,0,,5,comment,21667900,0,null,mobile,10,Alias Grace,0,0,2,2018-11-20 14:42:37,6118419,I'm hooked 😘😘,0,en,0,1,1,13179589,1
2018-07-09 11:44:52,0,,5,comment,21667900,0,null,mobile,320,Anne with an E,0,0,33,2020-02-03 09:48:16,5936523,Anne is truly wonderful ❤️👍,0,en,0,1,1,13200186,1
2018-07-11 13:04:46,0,,5,comment,21667900,0,null,mobile,0,Anne with an E,0,0,1,2018-07-11 13:04:48,6039007,Verge of meltdown 😢😢😭😭,0,en,0,1,1,13225624,6
2018-07-11 16:13:21,0,,5,comment,21667900,0,null,mobile,10,Anne with an E,0,0,2,2018-07-15 11:45:41,6039008,Who's ready for season 2?,0,en,0,1,1,13227720,7
2018-07-13 13:21:26,0,,5,comment,21667900,0,null,mobile,10,The Handmaid's Tale,0,0,2,2018-08-27 10:48:43,6738344,I love this man! 😍❤️,0,en,0,1,2,13254048,13
2018-07-13 13:22:27,0,,5,comment,21667900,0,null,mobile,10,The Handmaid's Tale,0,0,2,2018-08-27 10:48:42,6738344,OMG! Throughout whole episode I'm like,0,af,0,1,2,13254058,13
2018-07-13 13:23:07,0,,5,comment,21667900,0,null,mobile,10,The Handmaid's Tale,0,0,2,2018-08-27 10:48:41,6738344,That's our girl 👧 😘😘👌👌,0,en,0,1,2,13254065,13
2018-07-13 13:25:49,0,,5,comment,21667900,0,null,mobile,10,The Handmaid's Tale,0,0,2,2018-08-27 10:48:39,6738344,"June- Call her Nichole
Me-",0,en,0,1,2,13254089,13
2018-07-13 13:28:29,0,,5,comment,21667900,0,null,mobile,10,The Handmaid's Tale,0,0,2,2018-08-27 10:48:38,6738344,"Am I the only one who felt bad for aunt Lydia?
She's good person (not entirely but she cared about Handmaids). She doesn't  deserve backstabbing. 😭😭😭",0,en,0,1,2,13254113,13
2018-07-13 13:29:29,0,,5,comment,21667900,0,null,mobile,10,The Handmaid's Tale,0,0,2,2018-08-27 10:48:37,6738344,"Whole episode I chanting in my mind: be safe June,please.",0,en,0,1,2,13254123,13
2018-07-15 10:16:44,0,,5,comment,21667900,0,null,mobile,50,Vikings,0,0,6,2019-01-15 15:09:36,4383260,The song in the ending is so beautiful ❤️❤️,0,en,0,1,1,13275765,8
2018-07-16 10:25:10,0,,5,comment,21667900,0,null,mobile,20,Sharp Objects,0,0,3,2018-08-27 10:48:35,6704931,Camille's mother is phycho 😵😵,0,en,0,1,1,13287311,2
2018-07-16 11:21:18,0,,5,comment,21667900,0,null,mobile,60,Vikings,0,0,7,2022-08-27 20:24:38,4383261,This Episode is PURE WORK OF EVIL 😈 😭😭,0,en,0,1,1,13287661,9
2018-07-16 12:37:09,0,,5,comment,21667900,0,null,mobile,50,Vikings,0,0,6,2021-03-05 21:52:18,4743867,"Ragnar lost everything 😢brother, daughter, son, wife 😭😭😦😦",0,en,0,1,2,13288094,1
2018-07-18 12:04:53,0,,5,comment,21667900,0,null,mobile,20,Vikings,0,0,3,2018-11-24 08:34:16,4776423,Father Son reunion 😍❤️,0,en,0,1,2,13312855,4
2018-07-22 12:39:12,0,,5,comment,21667900,0,null,mobile,180,Vikings,0,0,19,2022-03-22 12:33:08,5132145,Athelstan 😢😢💔💔💔,0,en,0,1,3,13363551,6
2018-07-22 15:18:16,0,,5,comment,21667900,0,null,mobile,0,Vikings,0,0,1,2018-07-22 15:18:19,5138071,Best episode ❤️❤️❤️💔💔😍😍😘😘😱😱,0,en,0,1,3,13364872,8
2018-07-23 11:14:18,0,,5,comment,21667900,0,null,mobile,290,Vikings,0,0,30,2019-01-20 09:53:17,5138073,I Cried for nothing 😂😂😢😅,0,en,0,1,3,13376691,10
2018-07-23 16:15:24,0,,5,comment,21667900,0,null,mobile,380,Sharp Objects,0,0,39,2025-10-23 10:59:59,6704933,"This Episode is breathtaking 💔💔😱😱
And the ending is just 😥😥😥😰",0,en,0,1,1,13379382,3
2018-07-24 16:13:21,0,,5,comment,21667900,0,null,mobile,20,Vikings,0,0,3,2018-09-12 13:23:14,5442509,Once a traitor always a traitor 😾😾,0,en,0,1,4,13392235,1
2018-07-25 05:57:16,0,,5,comment,21667900,0,null,mobile,10,Vikings,0,0,2,2018-08-27 10:45:40,5451920,I think something big is going to happen 😱😱,0,nb,0,1,4,13400670,4
2018-07-25 07:34:50,0,,5,comment,21667900,0,null,mobile,10,Life Sentence,0,0,2,2018-08-05 13:00:33,6447393,Pilot is amazing 😍 😍,0,en,0,1,1,13401113,1
2018-07-25 10:49:47,0,,5,comment,21667900,0,null,mobile,10,Life Sentence,0,0,2,2018-08-27 10:45:39,6447398,We don't need love triangle 😩,0,bi,0,1,1,13402271,3
2018-07-26 15:59:08,0,,5,comment,21667900,0,null,mobile,10,Life Sentence,0,0,2,2018-08-27 10:45:35,6447399,I love Stella's dad. ❤️❤️❤️😍👍,0,en,0,1,1,13419767,5
2018-07-27 10:51:57,0,,5,comment,21667900,0,null,mobile,10,Life Sentence,0,0,2,2018-08-27 10:45:35,6461931,Sometimes i wish i had siblings 😭😭,0,ug,0,1,1,13431780,7
2018-07-28 16:54:54,0,,5,comment,21667900,0,null,mobile,0,Life Sentence,0,0,1,2018-07-28 16:54:56,6508122,Why I'm hating dr. Grant & Pippa 😭😭😭😭,0,jv,0,1,1,13451289,12
2018-07-28 16:56:17,0,12851004,5,comment,21667900,1,null,mobile,90,Life Sentence,0,0,10,2024-08-20 05:09:17,6508122,He's ruined their marriage. Wes is better for Stella no matter what. They're perfect for each other.,0,en,0,1,1,13451311,12
2018-07-29 04:32:53,0,,5,comment,21667900,0,null,mobile,30,Life Sentence,0,0,4,2018-08-14 00:09:08,6508124,"I don't have any words about how I feel about this final. 😭😭😭I was hoping for happy ending. But this ending is damn near to the perfect.
I'm gonna miss all the cast 💕💕.",0,en,0,1,1,13459131,13
2018-07-29 05:46:53,0,,5,comment,21667900,0,null,mobile,20,Vikings,0,0,3,2018-10-23 22:28:21,5532983,"Rollo is betrayer, he betrayed his own flesh and blood. 
Shame on him.
Me to Rollo 👇👇",0,en,0,1,4,13459633,7
2018-07-29 10:08:49,0,,5,comment,21667900,0,null,mobile,0,Patrick Melrose,0,0,1,2018-07-29 10:08:59,6492992,"Benedict is a GOD, I'm telling you 💕💕❤️❤️❤️😘👌",0,fy,0,1,1,13461211,1
2018-07-29 11:18:12,0,,5,comment,21667900,0,null,mobile,0,Patrick Melrose,0,0,1,2018-07-29 11:18:15,6492993,Fucking hate Patrick's Fucking father 😡😡,0,fy,0,1,1,13461717,2
2018-07-30 12:10:49,0,,5,comment,21667900,0,null,mobile,130,Sharp Objects,0,0,14,2024-06-14 23:09:21,6704934,"Jackie: Every Time I'm in the store, all he does is stare at my titties.
Annie: well, everybody does that. Maybe you should invest in a better bra
😂😂😂",0,en,0,1,1,13477899,4
2018-07-30 12:12:15,0,,5,comment,21667900,0,null,mobile,340,Sharp Objects,0,0,35,2024-06-14 23:08:42,6704934,"Ending is wicked, my heart literally skip a beat. 😱😱",0,en,0,1,1,13477911,4
2018-07-31 16:22:41,0,,5,comment,21667900,0,null,mobile,20,Vikings,0,0,3,2019-04-09 06:45:50,5545985,Clock is ticking for Rollo the fucking traitor 👌,0,en,0,1,4,13494704,9
2018-08-01 11:03:00,0,,5,comment,21667900,0,null,mobile,50,Vikings,0,0,6,2021-01-10 02:43:23,5545986,"Best episode ever. This episode is all men could ask for. Rage, emotions, heartbreak, father-son reunion, bitch mother & brother. And Ivar. The cinematography is just excellent & soundtrack too. 
All the people are broken in some ways.",0,en,0,1,4,13506302,10
2018-08-01 11:53:58,0,,5,comment,21667900,0,null,mobile,40,Vikings,0,0,5,2019-04-11 02:00:59,5749712,"Who else fell in love with ivar?
🙋🙋",0,en,0,1,4,13506725,11
2018-08-01 12:55:01,0,,5,comment,21667900,0,null,mobile,20,Vikings,0,0,3,2018-09-19 17:02:25,5816030,Okay! I don't hate aslaug now. I admire her.,0,cy,0,1,4,13507346,12
2018-08-01 16:08:00,0,,5,comment,21667900,0,null,mobile,10,Vikings,0,0,1,2018-08-27 10:45:23,5816031,Father Son 😘😘😍😍💕💕❤️❤️,0,en,0,0,4,13509630,13
2018-08-02 04:49:07,0,,5,comment,21667900,0,null,mobile,10,Vikings,0,0,2,2018-08-27 10:45:20,5831454,I'm Crying hard 😭😭😭😭😢😢,0,en,0,1,4,13519599,15
2018-08-02 16:19:16,0,,5,comment,21667900,0,null,mobile,10,Vikings,0,0,2,2018-08-27 10:48:16,5871976,So much violence ❤️💕💕😍😍😍,0,en,0,1,4,13526188,18
2018-08-03 04:59:34,0,,5,comment,21667900,0,null,mobile,30,Vikings,0,0,4,2018-09-15 17:03:20,5871978,Mixed feelings for Ivar 😍😱😭😡,0,en,0,1,4,13536306,20
2018-08-04 04:44:09,0,,5,comment,21667900,0,null,mobile,10,Vikings,0,0,2,2018-08-27 10:45:17,6440862,Ending is gonna be epic 😍👌😁,0,sv,0,1,5,13549527,7
2018-08-04 07:00:19,0,,5,comment,21667900,0,null,mobile,90,Vikings,0,0,10,2018-12-05 12:24:44,6440864,Rollo always choose wrong party.,0,en,0,1,5,13550287,9
2018-08-04 16:16:29,0,,5,comment,21667900,0,null,mobile,70,Vikings,0,0,8,2018-12-01 09:00:02,6440865,"So Much Pain
So much love
So much loss
So much grief
So much hatred
So much emotion
All i could ask for mid season final. ❤️😭💕",0,en,0,1,5,13554517,10
2018-08-05 06:00:30,0,,5,comment,21667900,0,null,mobile,70,Anne with an E,0,0,8,2019-03-15 17:17:44,6751906,Minnie may is badass 💕😂❤️,0,en,0,1,2,13562160,2
2018-08-05 09:53:58,0,,5,comment,21667900,0,null,mobile,20,Anne with an E,0,0,3,2018-08-10 23:52:40,6751907,OMG! Minnie may is so so so adorable 😍😍💕,0,so,0,1,2,13563264,3
2018-08-05 10:28:20,0,,5,comment,21667900,0,null,mobile,30,Anne with an E,0,0,4,2018-08-15 21:53:36,6751908,When Minnie may cried that scene completely shattered me 😭😭😭😭,0,en,0,1,2,13563467,4
2018-08-05 14:02:30,0,,5,comment,21667900,0,null,mobile,50,Anne with an E,0,0,6,2018-08-17 18:08:55,6751910,Am i the only one?,0,en,0,1,2,13565077,6
2018-08-05 16:26:37,0,,5,comment,21667900,0,null,mobile,10,Anne with an E,0,0,2,2018-09-10 19:36:48,6751911,"This Episode is bittersweet 😅
Cried and laugh at same time.",0,en,0,1,2,13566523,7
2018-08-06 05:26:31,0,,5,comment,21667900,0,null,mobile,30,Sharp Objects,0,0,4,2021-02-28 09:26:13,6704936,People of wind gap is so FAKE!,0,en,0,1,1,13574785,5
2018-08-06 05:43:33,0,,5,comment,21667900,0,null,mobile,30,Sharp Objects,0,0,4,2025-06-21 11:30:12,6704936,They're cute ❤️💕,0,en,0,1,1,13574881,5
2018-08-06 05:45:33,0,,5,comment,21667900,0,null,mobile,10,Sharp Objects,0,0,2,2021-02-16 09:58:51,6704936,"How can a mother say such a thing to her daughter...
Ugh! Everyone hates Adora 😣 😣",0,en,0,1,1,13574895,5
2018-08-06 05:48:16,0,,5,comment,21667900,0,null,mobile,20,Sharp Objects,0,0,3,2021-02-28 09:26:18,6704936,Something's eating Camille!!!,0,en,0,1,1,13574909,5
2018-08-06 05:56:13,0,,5,comment,21667900,0,null,mobile,2380,Sharp Objects,0,0,240,2026-06-27 00:46:29,6704936,True!!,0,en,0,1,1,13574958,5
2018-08-06 08:10:19,0,,5,comment,21667900,0,null,mobile,0,Anne with an E,0,0,1,2018-08-06 08:10:21,6751913,When ms. Stacy first appeared i thought anne is grown up 😅,0,en,0,1,2,13575586,9
2018-08-06 09:21:14,0,,5,comment,21667900,0,null,mobile,1980,Anne with an E,0,0,199,2022-03-06 10:51:34,6751914,I'll miss them ❤️❤️😍😍,0,en,0,1,2,13575958,10
2018-08-06 12:09:03,0,,5,comment,21667900,0,null,mobile,20,The Sinner,0,0,3,2019-04-23 10:19:42,6042595,Strong starting ❤️💕😨😱,0,en,0,1,1,13577061,1
2018-08-07 08:04:21,0,,5,comment,21667900,0,null,mobile,1501,The Sinner,0,0,152,2026-01-23 18:42:39,6190906,Ending's so creepy.,0,en,0,2,1,13587520,3
2018-08-08 04:53:01,0,,5,comment,21667900,0,null,mobile,10,The Sinner,0,0,2,2018-08-27 10:45:06,6190910,Me in last 10 minutes!!,0,en,0,1,1,13598900,7
2018-08-08 05:39:23,0,,5,comment,21667900,0,null,mobile,20,The Sinner,0,0,3,2018-08-29 18:11:55,6191541,This series is Fuckin amazing 😍 😍 😍 😍 😍,0,en,0,1,1,13599203,8
2018-08-09 08:08:33,0,,5,comment,21667900,0,null,mobile,20,The Marvelous Mrs. Maisel,0,0,3,2019-05-08 08:25:08,6355779,Mrs. Maisel is really marvelous 💕❤️😍👌👌,0,en,0,1,1,13613786,3
2018-08-10 09:48:57,0,,5,comment,21667900,0,null,mobile,0,The Marvelous Mrs. Maisel,0,0,1,2018-08-10 09:48:59,6365540,"Don't know what's going to happen in season 2. But i sure like Joel, and getting good vibes from him. ☺️☺️",0,fy,0,1,1,13626553,8
2018-08-11 09:41:02,0,,5,comment,21667900,0,null,mobile,150,The End of the F***ing World,0,0,16,2018-11-16 05:56:52,6379885,"What happened to both of them?
I'm really worried",0,en,0,1,1,13638634,8
2018-08-12 12:23:51,0,,5,comment,21667900,0,null,mobile,821,Harlots,0,0,85,2026-04-12 18:48:12,6008670,Go to hell y'all who are blaming lucy.,0,en,0,2,1,13651735,6
2018-08-12 14:15:30,0,,5,comment,21667900,0,null,mobile,20,Harlots,0,0,3,2019-03-10 18:03:10,6008671,Everything's going wrong! 😭😭😭,0,en,0,1,1,13652603,7
2018-08-12 14:25:30,0,8291101,5,comment,21667900,1,null,mobile,0,Harlots,0,0,0,2018-08-12 14:25:30,6008671,"Well, don't say that she's responsible for all of this mess. If i were she I would have stabbed that man more than one times.",0,en,0,0,1,13652672,7
2018-08-12 15:34:38,0,,5,comment,21667900,0,null,mobile,30,Harlots,0,0,4,2021-12-30 00:47:02,6008679,"Okay, so I'm gonna write it down even if I don't know what I'm trying to say.
- What the fuck has happened to the case?
- why Harriet stare at William in ending? (am I Overthinking?) 
- what's the deal with lord Fallon? 
- what will happen to Mr. Marney?

AND I'M PROUD OF LUCY AND CHARLOTTE 😘😍❤️THEY'RE BADASS",0,en,0,1,1,13653282,8
2018-08-13 09:33:35,0,,5,comment,21667900,0,null,mobile,20,Harlots,0,0,3,2022-06-13 12:00:07,6663506,"Feels so good for Lydia Quigley 😂😂
And Lucy is awesome 😍 😍",0,en,0,1,2,13663044,1
2018-08-13 10:38:08,0,,5,comment,21667900,0,null,mobile,60,Harlots,0,0,7,2023-05-01 22:40:53,6663507,"There's lots of big shit between Margaret & Lydia.
This season is going to be exciting. 👍😭😊😍",0,en,0,1,2,13663406,2
2018-08-14 12:55:09,0,,5,comment,21667900,0,null,mobile,210,Sharp Objects,0,0,22,2024-06-15 00:38:19,6704940,Anyone who things that amy Adams deserves fucking Oscar for this episode?,0,en,0,1,1,13676544,6
2018-08-15 04:12:34,0,,5,comment,21667900,0,null,mobile,50,Fearless (2017),0,0,6,2021-09-23 19:02:30,6112952,Now that's we call an episode ❤️,0,en,0,1,1,13685130,4
2018-08-15 08:51:47,0,,5,comment,21667900,0,null,mobile,40,Fearless (2017),0,0,5,2021-03-23 03:36:00,6112961,Did i just cried at the ending of the crime drama series? 😭😭,0,en,0,1,1,13686475,6
2018-08-15 09:42:33,0,,5,comment,21667900,0,null,mobile,30,The Originals,0,0,4,2018-09-21 14:37:19,4569892,Woah! Didn't see that coming in the ending 😑😑,0,en,0,1,1,13686723,1
2018-08-15 13:21:56,0,,5,comment,21667900,0,null,mobile,20,The Originals,0,0,2,2019-09-20 22:15:39,4660855,He's back,0,en,0,1,1,13688131,4
2018-08-16 09:10:46,0,,5,comment,21667900,0,null,mobile,20,The Originals,0,0,3,2018-09-16 19:46:14,4724120,Anyone felt vikings vibes in the ending?,0,en,0,1,1,13698088,11
2018-08-17 08:07:27,0,,5,comment,21667900,0,null,mobile,40,The Originals,0,0,5,2019-09-21 18:10:45,4763537,Witches is bitches 😠😠😠,0,en,0,1,1,13709215,13
2018-08-17 16:12:42,0,,5,comment,21667900,0,null,mobile,250,The Originals,0,0,27,2024-07-02 16:25:25,4803045,"I don't know, if I should be happy or sad. 😐",0,en,0,1,1,13712666,16
2018-08-18 06:01:01,0,,5,comment,21667900,0,null,mobile,10,Harlots,0,0,2,2018-08-18 17:04:44,6762380,Can you sense your fear while watching this episode?,0,en,0,1,2,13719978,0
2018-08-18 16:12:34,0,,5,comment,21667900,0,null,mobile,40,Harlots,0,0,5,2022-04-07 20:12:07,6762384,"That bitch lucy better be playing some sort of game.
Lots of things going to happen in season final, Brace yourselves ❤️😉",1,en,0,1,2,13723925,7
2018-08-18 16:15:44,0,13696825,5,comment,21667900,1,null,mobile,80,Harlots,0,0,9,2025-03-02 20:04:15,6762384,"Yes, i hoped that someone (lucy) might intervene Margaret's hanging. But nothing happened. I defended Lucy all the time but now i know she's naive & fucking dumbass",0,en,0,1,2,13723961,7
2018-08-20 14:32:12,0,,5,comment,21667900,0,null,mobile,120,Sharp Objects,0,0,13,2018-08-27 10:48:03,6704942,"Damn! This episode was utterly breathtaking. and the soundtrack 😍😭❤️👍😩
!! HBO NEVER DISAPPOINTS !! 
Me on ending of every Episode: Amy deserves fucking Oscar 👌👌",0,en,0,1,1,13745880,0
2018-08-20 14:35:22,0,,5,comment,21667900,0,null,mobile,80,Sharp Objects,0,0,9,2018-08-27 10:48:00,6704942,"Really want to know how Adora did it? Season's final is going to be the best.
Still Adora's husband is giving me creepy vibes. I'm sure that he also involved in this.",0,en,0,1,1,13745900,0
2018-08-21 16:21:11,0,,5,comment,21667900,0,null,mobile,0,The Originals,0,0,1,2018-08-21 16:21:14,5010654,"Klaus will regret not killing his father.
Don't be a sentimental it's just cause pain in real life.",0,en,0,1,2,13757896,4
2018-08-23 16:39:40,0,,5,comment,21667900,0,null,mobile,0,The Originals,0,0,1,2018-08-23 16:39:43,5088552,Elijah ❤️❤️😘😘,0,en,0,2,2,13780530,12
2018-08-24 10:27:19,0,,5,comment,21667900,0,null,mobile,30,Harlots,0,0,4,2019-04-12 20:35:01,6762387,Lydia 😂😂😂😂,0,en,0,1,2,13788940,8
2018-08-27 10:43:55,0,,5,comment,21667900,0,null,mobile,60,Sharp Objects,0,0,7,2019-01-02 14:57:45,6704944,"DON'T TELL MAMA
😨😨😨",0,en,0,1,1,13824282,8
2018-08-29 11:03:32,0,,5,comment,21667900,0,null,mobile,10,The Originals,0,0,2,2018-09-21 00:58:45,5180723,FAMILY IS EVERYTHING,0,en,0,1,2,13849381,22
2018-08-29 11:06:17,0,,5,comment,21667900,0,null,mobile,10,The Originals,0,0,2,2018-10-19 22:51:52,5180723,"Anyone felt 13 Reasons Why vibes?
'Take me back to the night we met' ❤️😘❤️😭😭",0,en,0,1,2,13849404,22
2018-09-01 16:42:14,0,,5,comment,21667900,0,null,mobile,20,The Originals,0,0,3,2020-05-24 23:19:40,5361081,What's ending mean?,0,en,0,1,3,13887370,7
2018-09-02 05:12:31,0,,5,comment,21667900,0,null,mobile,10,The Originals,0,0,2,2019-12-17 21:13:34,5361083,"What The FUCK?
😭 😭 😭",0,en,0,1,3,13894272,9
2018-09-02 16:23:52,0,,5,comment,21667900,0,null,mobile,10,The Originals,0,0,2,2019-12-27 14:09:59,5504357,Kol's back ❤️❤️,0,en,0,2,3,13898605,14
2018-09-03 04:19:55,0,,5,comment,21667900,0,null,mobile,30,The Originals,0,0,4,2019-12-27 18:22:40,5512132,All of the family is back ❤️,0,en,0,1,3,13906367,15
2018-09-03 10:09:10,0,,5,comment,21667900,0,null,mobile,10,The Originals,0,0,2,2018-09-13 03:27:49,5574877,"They really killed her. Worst episode ever. 😭😭😭😭
First of all they make us feel connected to the characters and then they killed them, there's nothing good about it.
I'M PISSED, I'M FUCKING PISSED.",0,en,0,1,3,13908145,19
2018-09-03 13:37:45,0,,5,comment,21667900,0,null,mobile,0,The Originals,0,0,1,2018-09-03 13:37:49,5580913,"Can you sense the fear?
Can you feel the grief?
Can you see the monsters?
Can you stop your tears?
😭😢😢",0,fy,0,1,3,13909636,21
2018-09-03 13:41:51,0,13842391,5,comment,21667900,1,null,mobile,30,Game of Thrones,0,0,4,2026-03-22 12:08:40,4801602,Isn't Joffrey looking pretty? This scene is healing sight for eyes.,0,en,0,1,4,13909677,2
2018-09-09 04:43:17,0,,5,comment,21667900,0,null,mobile,20,The Originals,0,0,3,2018-11-10 00:48:26,6054841,"End of 'always and forever'.
The whole episode broke me.
And the last scene of Elijah & Klaus is too much 💔💔😭😭",0,en,0,1,4,13979523,13
2018-09-09 04:47:50,0,,5,comment,21667900,0,null,mobile,30,The Originals,0,0,4,2018-11-10 00:48:21,6054841,"Rebekah got Marcel
Kol got davina
Elijah is free from the burden of always and forever.
BUT Klaus? He lost everything, i mean EVERYTHING

They all suffers",0,en,0,1,4,13979540,13
2018-09-09 11:50:21,0,,5,comment,21667900,0,null,mobile,0,The Originals,0,0,1,2018-09-09 11:50:23,6247477,I'm kind happy for Elijah but i want my old one back 😢😭😭💔💔,0,fy,0,1,5,13981796,3
2018-09-11 16:07:21,0,,5,comment,21667900,0,null,mobile,0,The Originals,0,0,1,2018-09-11 16:07:25,6291928,Elijah 😭😭😭,0,en,0,1,5,14010017,8
2018-09-12 16:52:02,0,,5,comment,21667900,0,null,mobile,30,The Originals,0,0,4,2018-09-19 14:08:02,6402229,"Always and forever 
My heart is broken 💔💔😭😭
Klaus ♥️ Elijah",0,en,0,1,5,14022324,13
2018-09-13 10:14:51,0,,5,comment,21667900,0,null,mobile,10,The 100,0,0,2,2018-10-15 14:36:53,4735399,Damn! That ending 💔,0,en,0,1,1,14030979,3
2018-09-13 13:26:08,0,,5,comment,21667900,0,null,mobile,20,The 100,0,0,3,2018-10-21 15:37:46,4740980,Time's really a bitch 😭😭😭💔😢,0,en,0,1,1,14032434,5
2018-09-15 08:20:50,0,,5,comment,21667900,0,null,mobile,10,The 100,0,0,2,2018-09-24 09:30:48,4828430,Jaha we love ya ♥️😭😭❤️,0,en,0,1,1,14055825,13
2018-09-19 14:06:24,0,,5,comment,21667900,0,null,mobile,30,Gypsy,0,0,4,2019-12-23 05:30:18,6087185,This Episode is masterpiece ♥️,0,en,0,2,1,14104002,7
2018-09-21 05:05:10,0,,5,comment,21667900,0,null,mobile,10,Gypsy,0,0,2,2018-09-29 12:22:15,6157888,I NEED 2ND SEASON! RIGHT NOW,0,en,0,1,1,14124027,10
2018-09-21 07:31:45,0,,5,comment,21667900,0,null,mobile,10,Sacred Games,0,0,2,2018-11-05 17:57:21,6751988,Strong starting ❤️,0,en,0,1,1,14124679,1
2018-09-21 09:35:02,0,,5,comment,21667900,0,null,mobile,20,The 100,0,0,3,2018-11-11 17:48:38,5032892,FINN! WHAT DID YOU DO? 😢😭😭😭,0,en,0,1,2,14125250,5
2018-09-21 12:40:53,0,,5,comment,21667900,0,null,mobile,30,The 100,0,0,4,2019-02-01 00:36:32,5044973,Thanks princess 😭😭😭,0,en,0,1,2,14126331,8
2018-09-23 04:48:07,0,,5,comment,21667900,0,null,mobile,60,Maniac (2018),0,0,7,2020-08-28 18:13:05,6775549,Common reaction - What the hell is going on?,0,en,0,1,1,14146291,1
2018-09-23 05:50:30,0,,5,comment,21667900,0,null,mobile,20,Maniac (2018),0,0,3,2020-08-28 18:28:06,6775581,That last scene is so brutal 😭😭😭😱😔😢,0,en,0,1,1,14146579,2
2018-09-23 08:31:23,0,,5,comment,21667900,0,null,mobile,10,Maniac (2018),0,0,2,2020-08-28 18:37:05,6775582,Those last scene ❤️❤️👌,0,en,0,1,1,14147324,3
2018-09-23 12:09:00,0,14129729,5,comment,21667900,1,null,mobile,150,Maniac (2018),0,0,16,2024-06-06 02:34:14,6775591,"@MintChocDublin, that was more funny 😂😂😂😂",0,en,0,1,1,14148691,4
2018-09-24 10:30:35,0,,5,comment,21667900,0,null,mobile,4061,Maniac (2018),0,0,408,2025-08-24 13:36:36,6775599,That was so funny 😂 😂 😂 😂,0,en,0,2,1,14160690,7
2018-09-24 11:03:24,0,,5,comment,21667900,0,null,mobile,4901,Maniac (2018),0,0,494,2026-04-14 19:12:39,6775600,Their conversation is the best part of the episode ❤️😍👏,0,en,0,2,1,14160840,8
2018-09-24 12:08:19,0,,5,comment,21667900,0,null,mobile,10,Maniac (2018),0,0,2,2020-08-28 19:45:08,6775601,This Episode is fucking brilliant,0,en,0,1,1,14161223,9
2018-09-24 12:10:30,0,14136552,5,comment,21667900,1,null,mobile,410,Maniac (2018),0,0,42,2024-12-19 01:03:24,6775601,"@Kartik13, when he got 1 row right there's a line with red lights. That's how he's solving it.",0,en,0,1,1,14161233,9
2018-09-24 13:53:01,0,14151431,5,comment,21667900,1,null,mobile,950,Maniac (2018),0,0,96,2025-03-25 18:13:22,6775602,Man! You just shattered my happiness,0,en,0,1,1,14162047,10
2018-09-24 13:54:58,0,,5,comment,21667900,0,null,mobile,0,Maniac (2018),0,0,1,2018-09-24 13:56:23,6775602,Going to miss them. A LOT,0,bi,0,1,1,14162065,10
2018-09-24 16:21:36,0,,5,comment,21667900,0,null,mobile,120,Avatar: The Last Airbender,0,0,13,2024-02-20 02:32:57,155936,Now the real fun begins 😍👏👏❤️,0,en,0,1,1,14163268,2
2018-09-24 16:22:32,0,,5,comment,21667900,0,null,mobile,30,Avatar: The Last Airbender,0,0,4,2020-06-15 12:43:18,155936,"I like sokka's sense of humor, he's hilarious 😂",0,af,0,1,1,14163273,2
2018-09-26 03:32:53,0,,5,comment,21667900,0,null,mobile,70,The Dragon Prince,0,0,8,2020-11-29 00:43:24,6767937,Winter is coming,0,en,0,1,1,14183216,1
2018-09-26 07:03:41,0,,5,comment,21667900,0,null,mobile,20,This Is Us,0,0,3,2018-09-27 17:02:09,6732018,Does anyone scared of Beth? 😜,0,en,0,1,3,14184627,1
2018-09-26 07:08:06,0,,5,comment,21667900,0,null,mobile,50,This Is Us,0,0,6,2018-09-27 17:02:07,6732018,I want to see more of them. ❤️👏😘,0,en,0,1,3,14184650,1
2018-09-26 07:10:07,0,,5,comment,21667900,0,null,mobile,20,This Is Us,0,0,3,2018-09-27 17:02:06,6732018,Randall's mood swings are really adorable 😜❤️,0,en,0,1,3,14184659,1
2018-09-26 09:12:46,0,,5,comment,21667900,0,null,mobile,4953,The Dragon Prince,0,0,508,2026-05-07 14:12:43,6827109,She's funny 😜,0,en,0,14,1,14185235,6
2018-09-26 09:45:21,0,,5,comment,21667900,0,null,mobile,321,The Dragon Prince,0,0,34,2026-05-06 23:46:39,6827110,lmao 😂 😂😂,0,en,0,2,1,14185402,7
2018-09-26 10:45:18,0,,5,comment,21667900,0,null,mobile,20,The Dragon Prince,0,0,3,2020-12-15 04:28:06,6827112,"I'm going to miss them a lot.
This show is really funny, Witty and adventurous ❤️😍👏",0,en,0,1,1,14185727,9
2018-09-28 16:22:43,0,,5,comment,21667900,0,null,mobile,30,The Sinner,0,0,4,2019-08-02 18:21:15,6603759,They sure know how to start a new season 👍😁,0,en,0,2,2,14214395,1
2018-09-29 07:20:01,0,,5,comment,21667900,0,null,mobile,30,The Sinner,0,0,4,2020-02-29 15:55:00,6757794,My common reaction After each episode,0,en,0,1,2,14223793,4
2018-09-30 10:09:02,0,,5,comment,21667900,0,null,mobile,20,The Sinner,0,0,3,2020-03-11 01:53:12,6757798,Marin deserves better. 😢😢,0,en,0,1,2,14237330,7
2018-09-30 13:02:19,0,,5,comment,21667900,0,null,mobile,10,The Sinner,0,0,2,2018-10-16 21:35:17,6757799,Don't compare both the seasons. Both are really good.,0,en,0,2,2,14238549,8
2018-10-01 04:17:31,0,11926684,5,comment,21667900,1,null,mobile,40,Avatar: The Last Airbender,0,0,4,2024-03-12 03:21:45,301703,You're not alone,0,en,0,0,1,14248215,20
2018-10-01 12:18:06,0,,5,comment,21667900,0,null,mobile,110,Avatar: The Last Airbender,0,0,12,2023-10-05 00:46:45,307197,"One of the best episode ever. ❤️❤️
Zuko 😘❤️",0,en,0,1,2,14250526,7
2018-10-02 09:12:06,0,,5,comment,21667900,0,null,mobile,170,Avatar: The Last Airbender,0,0,17,2023-10-05 05:55:33,310041,"Most heart wrenching episode 😔
Appa ❤️😘😥",0,en,0,0,2,14261307,16
2018-10-02 09:12:26,0,,5,comment,21667900,0,null,mobile,180,Avatar: The Last Airbender,0,0,19,2023-10-05 05:55:31,310041,"Most heart wrenching episode 😔
Appa ❤️😘😥",0,en,0,1,2,14261311,16
2018-10-02 12:18:56,0,,5,comment,21667900,0,null,mobile,0,Avatar: The Last Airbender,0,0,1,2018-10-02 12:18:59,314754,That was brilliant episode. Thank god! Aang is safe 🙏😢,0,af,0,1,2,14262269,20
2018-10-03 09:54:58,0,,5,comment,21667900,0,null,mobile,40,This Is Us,0,0,5,2018-10-03 23:48:42,6826606,"Love the conversation between Randall & Beth ❤️
They're awesome",0,en,0,1,3,14272955,2
2018-10-03 09:56:51,0,,5,comment,21667900,0,null,mobile,3260,This Is Us,0,0,327,2026-06-17 20:38:19,6826606,It's really hard to watch the big three & Rebecca's struggles after death of Jack 😭😭,0,en,0,1,3,14272962,2
2018-10-05 16:46:43,0,,5,comment,21667900,0,null,mobile,1103,True Blood,0,0,114,2026-04-16 01:12:45,371474,"Sam, a dog? There's a scene of him with that dog. How's that possible?",0,en,0,4,1,14302807,9
2018-10-07 04:35:23,0,,5,comment,21667900,0,null,mobile,10,The Affair,0,0,2,2024-10-02 05:32:42,4626052,Who's lying?,0,en,0,1,1,14326907,1
2018-10-07 05:46:40,0,,5,comment,21667900,0,null,mobile,0,The Affair,0,0,1,2018-10-07 05:46:43,5010402,Man oh Man!! Getting more and more interesting with each episode.,0,en,0,1,1,14327295,2
2018-10-07 10:21:27,0,,5,comment,21667900,0,null,mobile,0,The Affair,0,0,1,2018-10-07 10:21:29,5011131,"Who's dead?
Man! I'm dying here 😂😅",0,fy,0,1,1,14329037,3
2018-10-07 11:27:01,0,,5,comment,21667900,0,null,mobile,10,The Affair,0,0,2,2022-08-30 01:40:23,5017568,Don't judge anyone people. We still don't know full story.,0,en,0,1,1,14329581,4
2018-10-08 04:55:09,0,,5,comment,21667900,0,null,mobile,0,The Affair,0,0,1,2018-10-08 04:55:11,5024716,In this episode both side of the story is so different.,0,en,0,1,1,14341892,8
2018-10-08 07:25:00,0,,5,comment,21667900,0,null,mobile,0,The Affair,0,0,1,2018-10-08 07:25:03,5054524,Guilt is really nasty emotion 😔😢,0,en,0,1,1,14342788,9
2018-10-08 07:32:30,0,14109931,5,comment,21667900,1,null,mobile,10,Sharp Objects,0,0,1,2018-10-28 15:32:15,6833043,Me to man! That's why I'm here,0,en,0,0,1,14342829,7
2018-10-08 09:51:46,0,,5,comment,21667900,0,null,mobile,0,The Affair,0,0,1,2018-10-08 09:51:51,5279577,"Who's in love with Helen?
🙋🙋🙋",0,en,0,1,2,14343598,1
2018-10-08 12:12:23,0,,5,comment,21667900,0,null,mobile,0,The Affair,0,0,1,2018-10-08 12:12:26,5324518,"Cole & Alison's POV are very different?
Who to believe?",0,en,0,1,2,14344572,2
2018-10-09 05:09:32,0,,5,comment,21667900,0,null,mobile,0,The Affair,1,0,1,2025-03-13 02:32:01,5324521,Alison can't just show up and mess up with cole. He's trying to move forward don't pull him backwards 😭😭. Give man a fucking break!!,0,en,0,1,2,14356885,5
2018-10-09 06:09:30,0,,5,comment,21667900,0,null,mobile,20,The Affair,0,0,3,2024-01-20 11:32:57,5324522,"They should change the name of the series to 'Helen is really a GOD!'
Who's with me?",0,en,0,1,2,14357330,6
2018-10-09 08:02:36,0,,5,comment,21667900,0,null,mobile,0,The Affair,0,0,1,2018-10-09 08:02:39,5324523,Noah is an Asshole,0,en,0,1,2,14357943,7
2018-10-09 16:31:05,0,,5,comment,21667900,0,null,mobile,0,The Affair,0,0,1,2018-10-09 16:31:08,5324524,Admit it! The best part of this episode is Helen laughing & being happy. ❤️,0,en,0,1,2,14362176,8
2018-10-10 04:44:21,0,,5,comment,21667900,0,null,mobile,20,The Affair,0,0,3,2018-11-20 05:28:39,5324525,This Episode is fucking intense. 😭😢,0,en,0,1,2,14371133,9
2018-10-10 05:52:51,0,,5,comment,21667900,0,null,mobile,70,The Affair,0,0,8,2024-01-22 09:45:45,5324526,"Noah and the therapist
That scene is really well written ❤️and creates a great impact on Noah's character.",0,en,0,1,2,14371731,10
2018-10-10 10:36:14,0,,5,comment,21667900,0,null,mobile,30,This Is Us,0,0,4,2018-10-11 12:06:22,6834583,Every time my reaction when i watch this is us 😢,0,en,0,1,3,14373395,3
2018-10-10 10:40:32,0,,5,comment,21667900,0,null,mobile,10,This Is Us,0,0,2,2018-10-11 12:06:39,6834583,"""I have a feeling""  ♥ ♥",0,en,0,1,3,14373425,3
2018-10-10 10:41:49,0,,5,comment,21667900,0,null,mobile,10,This Is Us,0,0,2,2018-10-11 12:06:36,6834583,"'co-op-erate'
And here i thought that Randall is the one with wicked sense of humor 😂 😂",0,en,0,1,3,14373430,3
2018-10-10 10:45:18,0,,5,comment,21667900,0,null,mobile,70,This Is Us,0,0,8,2024-08-13 17:43:57,6834583,'Man' 😢👌,0,en,0,1,3,14373469,3
2018-10-10 12:45:53,0,,5,comment,21667900,0,null,mobile,20,The Affair,0,0,3,2019-08-14 07:47:32,5411379,"Anyone still calling Noah, an Asshole?",0,en,0,1,2,14374367,12
2018-10-12 10:59:47,0,,5,comment,21667900,0,null,mobile,0,The Affair,0,0,1,2018-10-12 10:59:49,5815735,We love you Noah 🙋❤️,0,en,0,1,3,14406105,5
2018-10-12 13:04:52,0,,5,comment,21667900,0,null,mobile,10,The Affair,0,0,2,2018-11-16 18:30:14,5833343,Don't know if Noah is healing or breaking 😢,0,en,0,1,3,14407397,6
2018-10-13 08:18:48,0,,5,comment,21667900,0,null,mobile,0,The Affair,0,0,1,2018-10-13 08:18:52,5833345,Miserable hero it is 😔,0,en,0,1,3,14422248,8
2018-10-13 08:19:23,0,,5,comment,21667900,0,null,mobile,10,The Affair,0,0,2,2022-02-23 19:51:48,5833345,Oscar 'The Wise' 🙋,0,en,0,1,3,14422249,8
2018-10-13 10:07:25,0,6054980,5,comment,21667900,1,null,mobile,30,The Affair,0,0,4,2022-02-20 20:23:50,5833346,God!! Are you sure you're not a writer of this show? 😜,0,en,0,1,3,14423186,9
2018-10-13 10:10:50,0,,5,comment,21667900,0,null,mobile,0,The Affair,0,0,1,2018-10-13 10:10:52,5833346,Best episode ever.,0,en,0,1,3,14423219,9
2018-10-16 12:43:00,0,,5,comment,21667900,0,null,mobile,0,Outlander,0,0,1,2018-10-16 12:43:06,4919990,FUCK!! I was so scared for Claire 😲😲thanks God Jaime came 🙏🙏,0,en,0,1,1,14474948,8
2018-10-16 12:44:01,0,7274026,5,comment,21667900,1,null,mobile,441,Outlander,0,0,46,2026-05-30 19:54:39,4919990,"Yes, i was rooting for Claire to make it to 20th century and be with frank",0,en,0,2,1,14474963,8
2018-10-16 13:52:12,0,515609,5,comment,21667900,1,null,mobile,0,Outlander,0,0,0,2018-10-16 13:52:12,5001793,"Thanks, that's exactly my point also 😊👍",0,en,0,0,1,14475761,9
2018-10-17 11:38:19,0,,5,comment,21667900,0,null,mobile,40,Outlander,0,0,5,2023-08-06 12:48:42,5101010,"Well, i always thought nobody is worst than Ramsey & Joffery but Jack Fucking Randall is worst of all.
Disgusting Sadistic bastard 😣😣",0,en,0,1,1,14490579,15
2018-10-18 04:34:18,0,,5,comment,21667900,0,null,mobile,20,This Is Us,0,0,3,2018-10-26 06:25:40,6838801,Baby Jack is so so so cute 😻 😻 😻,0,wo,0,1,3,14503686,4
2018-10-18 05:40:49,0,,5,comment,21667900,0,null,mobile,20,Outlander,0,0,3,2023-08-06 14:29:27,5101011,"Woah! This episode is disgusting or masterpiece, i can't decide. I literally couldn't watch some scenes of this episode. All the actors performed their role amazingly well.",0,en,0,1,1,14504281,16
2018-10-19 10:06:06,0,,5,comment,21667900,0,null,mobile,0,Outlander,0,0,1,2018-10-19 10:06:09,5550191,My heart is broken 💔💔😭😢,0,en,0,1,2,14523896,7
2018-10-21 06:26:44,0,,5,comment,21667900,0,null,mobile,0,Outlander,0,0,1,2018-10-21 06:26:47,5576946,"We Stan your father, Brianna 😍❤️😻😘",0,ku,0,1,2,14557126,13
2018-10-23 16:36:53,0,,5,comment,21667900,0,null,mobile,290,The Haunting,0,0,30,2019-01-26 18:08:45,6623548,I'm not sleeping tonight.,6,en,0,1,1,14596156,1
2018-10-24 07:58:29,0,,5,comment,21667900,0,null,mobile,10,Outlander,0,0,2,2018-11-01 15:48:23,6291517,America 🇺🇸 Baby,0,en,0,1,3,14607703,13
2018-10-25 10:18:18,0,,5,comment,21667900,0,null,mobile,50,Medici,0,0,6,2018-12-07 20:16:44,5645281,Young wolf & walder frey.,0,en,0,1,1,14623834,2
2018-10-25 13:39:37,0,,5,comment,21667900,0,null,mobile,150,The Haunting,0,0,16,2021-10-03 15:00:54,6623550,Don't touch me 😲😲😲😲😱😱😱,0,en,0,1,1,14625751,3
2018-10-28 06:21:48,0,,5,comment,21667900,0,null,mobile,110,Chilling Adventures of Sabrina,0,0,12,2019-02-20 04:41:04,6443732,Man!  my favorite character is cat 🙀,0,en,0,1,1,14678040,1
2018-10-28 16:44:24,0,,5,comment,21667900,0,null,mobile,2030,The Haunting,0,0,205,2022-08-18 18:26:59,6623552,The end is fucking terrifying 😱😭,0,en,0,1,1,14684569,5
2018-10-29 05:52:34,0,,5,comment,21667900,0,null,mobile,40,Peaky Blinders,0,0,5,2018-11-15 18:53:41,5008794,Why y'all hate grace? I don't get it.,0,fy,0,1,2,14695243,6
2018-10-29 08:46:52,0,,5,comment,21667900,0,null,mobile,20,Peaky Blinders,0,0,3,2019-01-26 18:08:05,5495121,Did you see Tommy's smile? ❤️😍😻,0,wa,0,1,3,14696222,1
2018-10-29 10:17:36,0,,5,comment,21667900,0,null,mobile,181,The Haunting,0,0,20,2020-10-14 15:57:56,6623553,I was right here and no one could see me. 😭😭,0,en,0,2,1,14696837,6
2018-10-29 11:27:44,0,,5,comment,21667900,0,null,mobile,360,The Haunting,0,0,37,2019-07-07 18:33:05,6623554,Tip: listen to your wife even if she's dead 😝,0,en,0,1,1,14697386,7
2018-10-29 12:15:45,0,,5,comment,21667900,0,null,mobile,280,The Haunting,0,0,29,2020-12-21 00:52:21,6623555,I think i peed a little in my pants during that car scene 🛀,0,en,0,1,1,14697794,8
2018-10-29 13:33:49,0,,5,comment,21667900,0,null,mobile,4047,The Haunting,0,0,412,2025-10-21 21:19:24,6623556,"Motherfucker, Abigail was real. And she killed her 😭😭😭😭😱😱",1,en,0,8,1,14698623,9
2018-10-29 16:44:10,0,,5,comment,21667900,0,null,mobile,1661,The Haunting,0,0,169,2020-10-25 17:13:36,6623557,"Man! I Never thought i could cry in horror story.
The ending is perfectly & utterly beautiful ❤️ ❤️",0,en,0,2,1,14701017,10
2018-11-03 05:10:38,0,11099395,5,comment,21667900,1,null,mobile,10,The Fosters (2013),0,0,2,2020-08-08 03:28:50,4772992,"Well, you should watch the show before you comment.",0,en,0,1,1,14773652,21
2018-11-03 05:55:33,0,,5,comment,21667900,0,null,mobile,1053,The Fosters (2013),0,0,109,2025-05-04 09:10:52,4831283,WTF! 😕 😕 What was with the ending? 😯,0,en,0,4,2,14773894,1
2018-11-03 11:47:02,0,1034122,5,comment,21667900,1,null,mobile,0,The Fosters (2013),0,0,0,2018-11-03 11:47:02,4905641,"@Leloux, me to girl!",0,en,0,0,2,14776408,3
2018-11-03 17:34:00,0,14778425,5,comment,21667900,1,null,mobile,150,Legacies,0,0,16,2021-05-27 13:05:05,6772359,I'm out.,0,en,0,1,1,14780926,2
2018-11-04 09:48:40,0,13846974,5,comment,21667900,1,null,mobile,10,The Fosters (2013),0,0,1,2019-12-12 13:48:04,4938333,Search Incest meaning on Google again.,0,ga,0,0,2,14791508,10
2018-11-05 04:51:22,0,11323417,5,comment,21667900,1,null,mobile,30,The Fosters (2013),0,0,4,2025-12-21 21:58:21,5112304,The whole family is good.,0,en,0,1,2,14806708,16
2018-11-06 07:30:39,0,765685,5,comment,21667900,1,null,mobile,290,The Fosters (2013),0,0,30,2026-02-26 16:23:32,5227978,Callie has a thing for foster brothers 😂,0,en,0,1,3,14824908,4
2018-11-06 10:43:41,0,2949842,5,comment,21667900,1,null,mobile,0,The Fosters (2013),0,0,1,2018-11-06 10:43:43,5227980,I know right,0,en,0,1,3,14825924,6
2018-11-06 10:46:00,0,,5,comment,21667900,0,null,mobile,0,The Fosters (2013),0,0,1,2018-11-06 14:17:16,5227980,Now we know that callie is into foster brothers 😂 😂,0,en,0,1,3,14825938,6
2018-11-07 06:32:31,0,,5,comment,21667900,0,null,mobile,520,The Fosters (2013),0,0,53,2025-02-11 02:58:37,5277580,"It takes 52 episodes to adopt callie. But finally so happy for her.
And It's great to see Noah as Jesus. Don't bash Noah before seeing his acting.",0,en,0,1,3,14839224,10
2018-11-07 11:46:44,0,2158705,5,comment,21667900,1,null,mobile,10,The Fosters (2013),0,0,1,2019-05-20 23:35:01,5477062,"Yes, you're absolutely right",0,en,0,0,3,14840826,12
2018-11-07 16:41:55,0,,5,comment,21667900,0,null,mobile,140,Homecoming (2018),0,0,15,2023-09-24 18:24:04,6767346,"Well that's a good start.
It's really intriguing.",0,en,0,1,1,14843224,1
2018-11-11 06:21:47,0,,5,comment,21667900,0,null,mobile,10,The Fosters (2013),0,0,2,2018-11-11 15:57:12,5498394,Not only Brandon made stupid choice. All of em made some stupid choices.,0,en,0,1,3,14896518,20
2018-11-11 09:44:34,0,,5,comment,21667900,0,null,mobile,80,The Fosters (2013),0,0,9,2025-02-12 02:38:35,5620450,Phew... That episode was intense.,0,en,0,1,4,14897534,2
2018-11-11 10:40:06,0,,5,comment,21667900,0,null,mobile,30,You,0,0,4,2019-07-04 03:26:58,6821139,Woah there! This pilot is super creepy. Really hooked me up.,0,en,0,1,1,14897904,1
2018-11-11 16:24:06,0,,5,comment,21667900,0,null,mobile,30,You,0,0,4,2019-07-04 14:16:41,6461784,"Did you just...? 
Man, that ending is hilarious 😂 😂 😂 😂",0,en,0,1,1,14901254,3
2018-11-12 04:54:44,0,,5,comment,21667900,0,null,mobile,10,You,0,0,2,2019-07-05 12:18:41,6461786,"Joe: she's alive?
Me: Yeah, you're screwed 😂😂",0,en,0,1,1,14910699,5
2018-11-13 04:54:32,0,,5,comment,21667900,0,null,mobile,40,You,0,0,5,2019-07-13 16:07:27,6461791,Beck should have run when Joe went to the bathroom.,0,en,0,1,1,14925888,9
2018-11-13 05:43:59,0,14921437,5,comment,21667900,1,null,mobile,512,You,0,0,54,2025-01-20 11:43:58,6609867,"@ThePunisherx, well he is a monster. He's psychopath, he need some serious help. But in paco's case he truly is savior. I don't blame him for Ron's death. I truly believe that if Ron found Paco before Joe found ron, Ron could've killed paco. He is truly care about paco. But bottom line is that' HE'S PSYCHOPATH'",0,en,0,3,1,14926164,10
2018-11-13 05:49:41,0,,5,comment,21667900,0,null,mobile,60,You,0,0,7,2019-07-13 16:16:41,6609867,"I'm going CRAZY!! OMG!!
OMFG!!
Candace is alive and Beck is dead 😔😵😵
I hope there's a season 2.",0,en,0,1,1,14926207,10
2018-11-15 04:54:46,0,,5,comment,21667900,0,null,mobile,10,This Is Us,0,0,2,2018-11-15 16:41:26,6859271,Seeing Jack in the ending scene just broke me. 😭😭,0,fy,0,1,3,14953509,7
2018-11-15 05:41:17,0,,5,comment,21667900,0,null,mobile,50,The Fosters (2013),0,0,6,2024-06-30 17:05:45,5661220,"Jude & Connor flashback
Me-",0,en,0,1,4,14953842,9
2018-11-15 13:17:22,0,,5,comment,21667900,0,null,mobile,10,The Fosters (2013),0,0,2,2018-11-20 11:28:29,5697963,Everyone is fucking things up! Man! I can't believe it.,0,en,0,1,4,14956653,10
2018-11-17 12:28:49,0,,5,comment,21667900,0,null,mobile,100,Homecoming (2018),0,0,11,2023-03-07 09:27:58,6843164,Heidi's character is really secretive & confusing.,0,en,0,1,1,14988881,2
2018-11-17 16:15:57,0,6522516,5,comment,21667900,1,null,mobile,0,The Fosters (2013),0,0,0,2018-11-17 16:15:57,5823589,Who the hell are you to telling people that they are not special?,0,en,0,0,4,14991428,15
2018-11-18 09:28:25,0,,5,comment,21667900,0,null,mobile,30,Chilling Adventures of Sabrina,0,0,4,2018-11-20 11:28:28,6762374,Anyone felt vikings vibes at the end?,0,en,0,1,1,15001695,6
2018-11-19 04:39:26,0,,5,comment,21667900,0,null,mobile,220,The Fosters (2013),0,0,23,2022-09-08 12:58:59,5985414,"Oh man! This season is so fucked up. EVERYBODY'S making insanely stupid decisions. Especially callie.
What the hell callie thinking about going with diamond?",0,en,0,1,4,15014882,20
2018-11-19 10:48:39,0,,5,comment,21667900,0,null,mobile,3271,My Brilliant Friend,0,0,329,2026-06-30 21:57:10,6605059,They're Cute. ❤️,0,en,0,2,1,15016537,1
2018-11-19 10:49:06,0,,5,comment,21667900,0,null,mobile,9183,My Brilliant Friend,0,0,922,2026-06-20 08:03:10,6605059,That scene was definitely creepy 😱,0,en,0,4,1,15016539,1
2018-11-20 05:33:45,0,,5,comment,21667900,0,null,mobile,80,The Last Kingdom,0,0,9,2023-05-16 05:44:53,6875492,I can't handle it 😭😭😭😭,0,en,0,1,3,15028256,1
2018-11-20 09:00:24,0,,5,comment,21667900,0,null,mobile,20,The Last Kingdom,0,0,3,2023-05-16 06:29:47,6910000,"Alfred is WEAK. King shouldn't be weak.
I prefer tommen Baratheon over Alfred.",0,en,0,1,3,15029176,2
2018-11-20 10:25:38,0,,5,comment,21667900,0,null,mobile,5066,The Last Kingdom,0,0,513,2026-03-24 15:23:40,6910001,And the emmy for the best comic saint goes to FATHER BEOCCA 😂,0,en,0,7,3,15029533,3
2018-11-21 04:45:20,0,,5,comment,21667900,0,null,mobile,8864,My Brilliant Friend,0,0,892,2026-06-30 22:34:59,6605060,"""Sisters"" ❤️💕",0,en,0,5,1,15040946,2
2018-11-21 04:46:05,0,,5,comment,21667900,0,null,mobile,22899,My Brilliant Friend,0,0,2302,2026-06-30 22:33:49,6605060,That moment was so cool. ♥,0,en,0,10,1,15040949,2
2018-11-21 04:48:28,0,,5,comment,21667900,0,null,mobile,190,My Brilliant Friend,0,0,20,2019-10-24 23:44:52,6605060,What kind of father treat her daughter like that? 😭😭,0,fy,0,1,1,15040963,2
2018-11-21 04:54:19,0,15032470,5,comment,21667900,1,"{""data"":{""user_1699864_LetiziaBarbieri\ud83e\udd89"":{""label"":""LetiziaBarbieri\ud83e\udd89"",""type"":""user"",""id"":1699864},""value"":""@[user_1699864_LetiziaBarbieri\ud83e\udd89] https:\/\/rapidgator.net\/file\/9537b8f6a8aba8a9fb9c882b11002d99\/TwoDDL_My.Brilliant.Friend.102.WEBRip-eSc.mkv.html try this""}}",mobile,20,My Brilliant Friend,0,0,3,2018-11-21 08:47:30,6605060,@LetiziaBarbieri🦉 https://rapidgator.net/file/9537b8f6a8aba8a9fb9c882b11002d99/TwoDDL_My.Brilliant.Friend.102.WEBRip-eSc.mkv.html try this,0,en,0,1,1,15040988,2
2018-11-21 04:54:31,0,15032470,5,comment,21667900,1,"{""data"":{""user_2550567_francesxo.bonelli"":{""label"":""francesxo.bonelli"",""type"":""user"",""id"":2550567},""value"":""@[user_2550567_francesxo.bonelli] https:\/\/rapidgator.net\/file\/9537b8f6a8aba8a9fb9c882b11002d99\/TwoDDL_My.Brilliant.Friend.102.WEBRip-eSc.mkv.html""}}",mobile,20,My Brilliant Friend,0,0,3,2018-11-21 08:47:31,6605060,@francesxo.bonelli https://rapidgator.net/file/9537b8f6a8aba8a9fb9c882b11002d99/TwoDDL_My.Brilliant.Friend.102.WEBRip-eSc.mkv.html,0,it,0,1,1,15040990,2
2018-11-21 05:54:08,0,,5,comment,21667900,0,null,mobile,14884,The Last Kingdom,0,0,1502,2026-06-01 20:29:17,6910004,That reminds me of Jon and Ygritte ❤️😢,0,en,0,15,3,15041325,6
2018-11-21 08:20:31,0,,5,comment,21667900,0,null,mobile,20,This Is Us,0,0,3,2018-11-21 10:26:17,6859763,I'm glad to see something from Miguel's background ❤️,0,en,0,1,3,15042071,8
2018-11-21 15:35:02,0,15043896,5,comment,21667900,1,null,mobile,140,My Brilliant Friend,0,0,15,2021-03-03 18:08:19,6605060,Are you for real?,0,en,0,1,1,15045000,2
2018-11-22 09:51:34,0,,5,comment,21667900,0,null,mobile,30,The Last Kingdom,0,0,4,2023-05-22 04:42:52,6910005,He looks pretty good. 😹😹,0,en,0,1,3,15054001,7
2018-11-22 09:54:05,0,15025914,5,comment,21667900,1,null,mobile,40,The Last Kingdom,0,0,5,2025-08-25 12:49:25,6910005,"Nah! Tongue wouldn't suffice, Alfred should kill him, that kind of decisions fu*ks you hard in future.",2,en,0,1,3,15054009,7
2018-11-22 11:38:30,0,15040963,5,comment,21667900,1,null,mobile,0,My Brilliant Friend,0,0,1,2018-11-22 11:38:33,6605060,"@FedericaRusso, understood m'lady. 😊",0,en,0,1,1,15054471,2
2018-11-22 11:43:34,0,,5,comment,21667900,0,null,mobile,90,The Last Kingdom,0,0,10,2018-12-02 14:11:04,6910006,We need more jokes on this matter 😂😂,0,en,0,1,3,15054497,8
2018-11-22 11:44:33,0,,5,comment,21667900,0,null,mobile,90,The Last Kingdom,0,0,10,2025-11-09 01:50:25,6910006,"Anyone felt Avril Lavigne?
(Head above the Water)",0,en,0,1,3,15054507,8
2018-11-22 11:45:01,0,,5,comment,21667900,0,null,mobile,3621,The Last Kingdom,0,0,364,2026-04-22 20:56:13,6910006,Haunting of hill house??? 😵,0,en,0,2,3,15054510,8
2018-11-22 11:45:34,0,15037434,5,comment,21667900,1,null,mobile,141,The Last Kingdom,0,0,16,2023-05-22 20:07:41,6910006,"@Franco2611, lol 😂 haunting of hill house",0,en,0,2,3,15054515,8
2018-11-22 16:39:06,0,,5,comment,21667900,0,null,mobile,160,The Last Kingdom,0,0,17,2023-05-22 06:04:37,6910007,"Two man who're very different from each other still they both have immense respect for each other.
#UthredAndAlfred

💕😭",0,en,0,1,3,15056513,9
2018-11-23 04:41:57,0,,5,comment,21667900,0,null,mobile,60,The Last Kingdom,0,0,8,2023-05-22 06:36:44,6910009,Me in last 10 minutes: I don't care about who won the battle. Please for the sake of god kill that motherfucking son of a bitch Aethelwold.,0,en,0,1,3,15063354,10
2018-11-23 05:39:38,0,,5,comment,21667900,0,null,mobile,0,A Discovery of Witches,0,0,1,2018-11-23 05:39:41,6786303,Really like the pilot. Just hoping that this is not another twilight kinda shit! 😊,0,en,0,1,1,15063574,1
2018-11-23 09:18:48,0,,5,comment,21667900,0,null,mobile,10,A Discovery of Witches,0,0,2,2019-11-09 05:51:59,6828299,That raining scene was really beautiful ❤️,0,en,0,1,1,15064351,4
2018-11-23 10:38:34,0,14424674,5,comment,21667900,1,null,mobile,41,A Discovery of Witches,0,0,6,2020-10-12 05:20:46,6828300,There's 3 books in the series. So season 3 is also coming 😊,0,en,0,2,1,15064703,5
2018-11-23 10:41:07,0,,5,comment,21667900,0,null,mobile,0,A Discovery of Witches,0,0,1,2018-11-23 10:41:11,6828300,Three cheers for Matthieu’s mom. 🙋🙋🙋🙆,0,en,0,1,1,15064716,5
2018-11-24 05:36:19,0,,5,comment,21667900,0,null,mobile,10,A Discovery of Witches,0,0,2,2019-11-15 15:24:35,6828304,Season 2 here we come 🙋,0,en,0,1,1,15073219,8
2018-11-24 09:00:25,0,,5,comment,21667900,0,null,mobile,0,Victoria,0,0,1,2018-11-24 09:00:28,5391641,"First Episode is amazingly realistic. Great soundtrack, cinematography, choice of places.
The clothing is the best part of this episode.
'Long live the queen' 👑",0,en,0,1,1,15073904,1
2018-11-25 08:46:13,0,,5,comment,21667900,0,null,mobile,10,Victoria,0,0,2,2020-05-19 22:23:01,5730204,"Nobody's talking about Nancy & that chef.
I'm so sad for both of em.",0,en,0,1,1,15083935,8
2018-11-25 12:16:59,0,,5,comment,21667900,0,null,mobile,60,Victoria,0,0,7,2021-03-14 13:03:12,5915077,Everyone should have a friend like Lord M. 😁,0,en,0,1,2,15085090,2
2018-11-26 05:20:00,0,,5,comment,21667900,0,null,mobile,40,Outlander,0,0,5,2018-11-26 15:50:12,6879261,"Go Brianna Go!
We're rooting for ya 🙆",0,bi,0,1,4,15094714,4
2018-11-26 06:13:15,0,,5,comment,21667900,0,null,mobile,0,Victoria,0,0,1,2018-11-26 06:13:19,5915078,"Lord M. 😭😭😭
Dash 😭😭😭",0,en,0,1,2,15095039,3
2018-11-26 13:20:13,0,,5,comment,21667900,0,null,mobile,0,Victoria,0,0,1,2018-11-26 13:20:19,5915081,"This Episode hit me hard.
Don't waste your food people.",0,en,0,1,2,15097156,6
2018-11-26 16:19:31,0,,5,comment,21667900,0,null,mobile,0,Victoria,0,0,1,2018-11-26 16:19:33,5915082,Anyone felt outlander vibes at mention of battle of Culloden?,0,en,0,1,2,15098562,7
2018-11-26 16:20:10,0,,5,comment,21667900,0,null,mobile,20,Victoria,0,0,3,2019-01-18 19:47:11,5915082,This Episode is all i could ask for. ❤️💕🙋,0,en,0,1,2,15098570,7
2018-11-27 04:55:30,0,,5,comment,21667900,0,null,mobile,30,Victoria,0,0,4,2020-01-02 02:21:32,5915083,My heart right now,0,en,0,1,2,15107379,8
2018-11-28 09:36:46,0,,5,comment,21667900,0,null,mobile,180,My Brilliant Friend,0,0,19,2025-06-05 17:14:50,6605062,That's our girl! 🙋,0,en,0,1,1,15122304,3
2018-11-28 09:45:12,0,,5,comment,21667900,0,null,mobile,15156,My Brilliant Friend,0,0,1522,2026-07-01 06:47:11,6605062,"You know what i most like about this episode?
The transitioning of characters from kids to teenagers. It's so beautiful and drastically realistic.",0,en,0,7,1,15122335,3
2018-11-28 09:48:44,0,,5,comment,21667900,0,null,mobile,240,My Brilliant Friend,0,0,25,2026-04-26 18:54:01,6605062,This intro is really amazing. 😍 😍 😍,0,en,0,1,1,15122356,3
2018-11-28 14:08:41,0,,5,comment,21667900,0,null,mobile,70,My Brilliant Friend,0,0,8,2025-03-24 02:21:44,6605063,Happy new year 💕🙋,0,en,0,1,1,15124060,4
2018-11-28 14:09:39,0,,5,comment,21667900,0,null,mobile,1540,My Brilliant Friend,0,0,155,2026-04-02 23:55:30,6605063,This part really amazing 😍 😍 how she's describing that moment is so so beautiful ❤️ ❤️,0,en,0,1,1,15124071,4
2018-11-28 14:12:16,0,,5,comment,21667900,0,null,mobile,10,My Brilliant Friend,0,0,2,2018-11-28 16:18:49,6605063,"Can you see it?
-Monsters 😈👹
Can you feel it? 
-Anger 💢 😡
Can you describe it?
-Intense 😢😲😶",0,de,0,1,1,15124102,4
2018-11-28 14:14:00,0,,5,comment,21667900,0,null,mobile,100,My Brilliant Friend,0,0,11,2023-08-03 15:10:34,6605063,"Well, that was pretty direct. 😂😜😜",0,en,0,1,1,15124121,4
2018-11-28 16:16:40,0,,5,comment,21667900,0,null,mobile,50,This Is Us,0,0,6,2018-11-29 04:51:47,6898822,FUCK!! That ending 😭😲,0,en,0,1,3,15125297,9
2018-11-29 05:32:16,0,,5,comment,21667900,0,null,mobile,150,Absentia,0,0,16,2023-04-14 08:49:38,6166143,Nobody's innocent,0,en,0,1,1,15134035,4
2018-11-30 04:22:26,0,,5,comment,21667900,0,null,mobile,50,Absentia,0,0,6,2019-05-13 19:29:00,6166152,Final was okay. Hoping for more but still.,0,en,0,1,1,15148820,10
2018-11-30 13:10:22,0,,5,comment,21667900,0,null,mobile,1431,Rome,0,0,146,2026-05-03 17:57:47,302624,I realize that HBO can be very explicit 😂😂,0,en,0,2,1,15152527,2
2018-12-03 05:58:37,0,,5,comment,21667900,0,null,mobile,30,Outlander,0,0,4,2018-12-03 22:41:39,6879271,Welcome back murtagh 💕❤️,0,en,0,1,4,15189851,5
2018-12-03 07:10:52,0,,5,comment,21667900,0,null,mobile,0,Nightflyers,0,0,1,2018-12-03 07:10:55,6691369,"Not very good pilot but I'll be sure to watch the next episode.
This show is adapted from GRRM's Novella of the same name so element of surprise is always there.",0,en,0,1,1,15190134,1
2018-12-03 10:06:27,0,,5,comment,21667900,0,null,mobile,2612,Rome,0,0,265,2026-06-21 14:15:54,302630,Man! That Titus and Cleopatra's scene was so funny 😂 😂 😂,0,en,0,3,1,15190777,8
2018-12-03 12:19:59,0,,5,comment,21667900,0,null,mobile,420,My Brilliant Friend,0,0,43,2026-05-29 21:11:08,6605069,The only people who are enjoying the dinner 😂😂😂,0,en,0,1,1,15191458,5
2018-12-03 12:21:50,0,,5,comment,21667900,0,null,mobile,50,My Brilliant Friend,0,0,6,2023-08-03 15:15:34,6605069,That Background Music was really thrilling & Gripping. 🎶💕🎧,0,en,0,1,1,15191466,5
2018-12-03 12:22:49,0,,5,comment,21667900,0,null,mobile,331,My Brilliant Friend,0,0,35,2026-05-29 21:11:42,6605069,Savage Lila 😂😂,0,en,0,2,1,15191472,5
2018-12-03 12:23:08,0,,5,comment,21667900,0,null,mobile,9231,My Brilliant Friend,0,0,926,2026-06-24 06:21:06,6605069,I like them happy. ❤️💕,0,en,0,2,1,15191474,5
2018-12-03 16:33:56,0,,5,comment,21667900,0,null,mobile,440,Rome,0,0,45,2026-02-10 16:23:42,302631,CHAOS EVERYWHERE 💢,0,en,0,1,1,15193257,9
2018-12-04 05:54:09,0,,5,comment,21667900,0,null,mobile,1540,Rome,0,0,155,2026-05-31 15:31:15,318046,13th ❤️❤️,0,en,0,1,1,15200867,11
2018-12-04 09:21:58,0,,5,comment,21667900,0,null,mobile,740,My Brilliant Friend,0,0,75,2026-06-20 14:30:17,6605070,Elena & Nino 💕😍,0,it,0,1,1,15201725,6
2018-12-04 09:22:56,0,,5,comment,21667900,0,null,mobile,15023,My Brilliant Friend,0,0,1508,2026-06-28 21:47:16,6605070,Yes! His father is a hypocrite & ASSHOLE. 😠😠,0,en,0,4,1,15201727,6
2018-12-05 09:32:52,0,,5,comment,21667900,0,null,mobile,1623,Rome,0,0,166,2026-01-06 23:23:05,323644,No one can make the finale of the season quite like HBO.,0,en,0,4,1,15213012,12
2018-12-05 10:59:24,0,,5,comment,21667900,0,null,mobile,20,The Marvelous Mrs. Maisel,0,0,3,2020-05-28 03:06:15,6846157,That was freaking awesome 😂😂👌,0,en,0,1,2,15213445,1
2018-12-05 11:00:38,0,,5,comment,21667900,0,null,mobile,50,The Marvelous Mrs. Maisel,0,0,6,2021-04-29 00:49:19,6846157,Well i want these guys to abduct me. 😂😂,0,en,0,1,2,15213453,1
2018-12-05 11:04:39,0,,5,comment,21667900,0,null,mobile,1532,The Marvelous Mrs. Maisel,0,0,156,2026-02-23 22:22:25,6846157,"Okay, i just want to say this: JOEL IS NOT THE BAD GUY HERE. Their whole conversation at the ending was extremely honest & emotional.",0,en,0,3,2,15213480,1
2018-12-06 05:22:47,0,,5,comment,21667900,0,null,mobile,240,The Marvelous Mrs. Maisel,0,0,25,2024-06-24 22:22:31,6909600,Those guys 😂😂😂😂,0,en,0,1,2,15223215,2
2018-12-06 06:20:17,0,,5,comment,21667900,0,null,mobile,1690,The Marvelous Mrs. Maisel,0,0,171,2026-02-10 00:38:17,6909602,Midge at the wedding 😂😂😂,0,en,0,1,2,15223492,3
2018-12-07 05:39:51,0,,5,comment,21667900,0,null,mobile,722,The Marvelous Mrs. Maisel,0,0,75,2025-05-26 01:41:22,6909606,Susie dancing 😂😂😂👏👏,0,en,0,3,2,15235585,6
2018-12-07 06:40:02,0,,5,comment,21667900,0,null,mobile,0,The Marvelous Mrs. Maisel,0,0,1,2018-12-07 06:40:04,6909607,I want to see that painting 😭😭😭🎨🎨,0,bi,0,1,2,15235910,7
2018-12-07 10:03:22,0,,5,comment,21667900,0,null,mobile,310,The Marvelous Mrs. Maisel,0,0,32,2023-02-26 22:35:46,6909608,Thanks Joel. ❤️❤️,0,en,0,1,2,15236993,8
2018-12-07 11:02:12,0,,5,comment,21667900,0,null,mobile,320,The Marvelous Mrs. Maisel,0,0,33,2025-05-04 21:05:33,6909609,"This show is really funny & charming.
Mrs. Maisel is indeed a marvelous ❤️❤️",0,en,0,3,2,15237297,9
2018-12-07 16:28:54,0,,5,comment,21667900,0,null,mobile,10,The Marvelous Mrs. Maisel,0,0,2,2018-12-16 12:57:32,6909610,"We want season 3.
R I G H T    N O W",0,bi,0,1,2,15240214,10
2018-12-08 05:09:12,0,,5,comment,21667900,0,null,mobile,20,Bodyguard (2018),0,0,3,2019-05-29 05:02:03,6733508,"This is not David budd.
This our young wolf 🐺",0,en,0,1,1,15247790,1
2018-12-08 14:03:05,0,14779754,5,comment,21667900,1,,mobile,10,Bodyguard (2018),0,0,2,2018-12-11 22:55:22,6733512,"Hang in their, no romance in crime Thriller it just makes it boring.",0,en,0,1,1,15250940,5
2018-12-09 11:53:12,0,14329121,5,comment,21667900,1,,mobile,10,The Man in the High Castle,0,0,1,2019-08-21 07:30:36,5386585,"I know, right 😂😂😂😂",0,en,0,0,1,15261182,2
2018-12-10 13:37:39,0,,5,comment,21667900,0,null,mobile,10938,The Man in the High Castle,0,0,1116,2026-06-24 00:41:24,5388446,"What the FUUUUUCK!!!!
The films? How's it possible??",0,en,0,19,1,15273373,9
2018-12-10 13:38:45,0,,5,comment,21667900,0,null,mobile,10,The Man in the High Castle,0,0,2,2018-12-10 14:20:55,5388446,Lol 😂 😂 some people are saying Joe is the bad guy. 😂😂,0,bi,0,1,1,15273385,9
2018-12-11 05:16:26,0,,5,comment,21667900,0,null,mobile,13293,My Brilliant Friend,0,0,1334,2026-06-27 23:35:21,6605071,We stan fierce female characters 😍😍💕💕❤️,0,en,0,4,1,15282402,7
2018-12-11 05:16:51,0,,5,comment,21667900,0,null,mobile,11042,My Brilliant Friend,0,0,1108,2026-06-27 23:35:27,6605071,"How can he live with himself?
😠😠",0,en,0,3,1,15282404,7
2018-12-12 05:52:15,0,,5,comment,21667900,0,null,mobile,15354,My Brilliant Friend,0,0,1541,2026-06-27 23:37:13,6605072,I died of laughing 😂 😂 😂,0,en,0,5,1,15294464,8
2018-12-12 05:52:39,0,,5,comment,21667900,0,null,mobile,210,My Brilliant Friend,0,0,22,2025-06-20 21:45:01,6605072,Lila ❤️💕😍,0,en,0,1,1,15294466,8
2018-12-12 05:52:58,0,,5,comment,21667900,0,null,mobile,190,My Brilliant Friend,0,0,20,2023-08-03 15:26:28,6605072,My brilliant friend ❤️💕,0,en,0,4,1,15294468,8
2018-12-12 05:53:24,0,,5,comment,21667900,0,null,mobile,210,My Brilliant Friend,0,0,22,2025-06-20 21:44:58,6605072,I want them to happen. 😊😊,0,en,0,1,1,15294470,8
2018-12-12 09:39:44,0,,5,comment,21667900,0,null,mobile,4123,The Man in the High Castle,0,0,418,2026-06-11 00:31:36,5722833,"What's goin on?
How's characters going back and forth to reality & alternative?",0,en,0,4,2,15295483,5
2018-12-13 05:47:07,0,,5,comment,21667900,0,null,mobile,1601,The Man in the High Castle,1,0,162,2026-05-30 05:30:27,5722836,Shit is getting heavier.,0,en,0,2,2,15305284,8
2018-12-13 08:59:58,0,,5,comment,21667900,0,null,mobile,2651,Vikings,0,0,267,2026-03-19 22:13:10,6905975,"Ivar: I'm the GOD!
Me:",0,en,0,2,5,15306042,13
2018-12-14 05:09:41,0,,5,comment,21667900,0,null,mobile,3646,The Man in the High Castle,0,0,371,2026-06-03 18:46:17,5722837,"Whatabout frank?
Is he alive?",0,en,0,7,2,15316119,9
2018-12-14 06:21:22,0,,5,comment,21667900,0,null,mobile,12026,The Man in the High Castle,0,0,1220,2026-06-23 22:06:24,5722838,Tagomi & Juliana saved the millions of people.,0,en,0,20,2,15316425,10
2018-12-15 04:29:29,0,15294470,5,comment,21667900,1,,mobile,20,My Brilliant Friend,0,0,3,2018-12-17 23:56:30,6605072,"@iAsma, you shouldn't judge the son by his father's sin.",0,en,0,1,1,15327781,8
2018-12-15 11:07:20,0,15294470,5,comment,21667900,1,,mobile,10,My Brilliant Friend,0,0,2,2018-12-15 11:07:51,6605072,"@iAsma, on that we can agree ☺️",0,en,0,1,1,15329759,8
2018-12-15 16:25:02,0,14355861,5,comment,21667900,1,,mobile,100,The Man in the High Castle,0,0,11,2023-06-17 15:45:45,6805108,"@PatrickStephens, but we have alternate world so.. Dragon would be too much 😂",0,en,0,1,3,15332228,9
2018-12-16 10:11:32,0,,5,comment,21667900,0,null,mobile,60,The Men Who Built America,0,0,7,2021-05-04 12:45:22,4398974,Vanderbilt is visionary man!,0,en,0,1,1,15340164,1
2018-12-17 05:13:19,0,,5,comment,21667900,0,null,mobile,0,Outlander,0,0,1,2018-12-24 04:51:47,6879274,Frank 💕😭❤️,0,en,0,1,4,15349815,7
2018-12-17 16:32:31,0,,5,comment,21667900,0,null,mobile,30,The Men Who Built America,0,0,4,2021-05-06 07:51:30,4423637,This documentary needs more attention...,0,en,0,1,1,15353091,2
2018-12-20 12:17:40,0,,5,comment,21667900,0,null,mobile,10,Vikings,0,0,2,2018-12-20 18:16:24,6905976,Yes! Winter is here. We must look after one another 💕,0,en,0,1,5,15378215,14
2018-12-20 12:18:46,0,,5,comment,21667900,0,null,mobile,30,Vikings,0,0,4,2021-03-05 04:27:24,6905976,Wise words 'Ivar the Hypocrite',0,en,0,1,5,15378223,14
2018-12-20 12:23:19,0,,5,comment,21667900,0,null,mobile,800,Vikings,0,0,81,2023-06-04 01:20:26,6905976,Am i the only one who thinks that Bjorn is exactly looks like Ragnar?,0,en,0,1,5,15378237,14
2018-12-20 16:25:01,0,15378237,5,comment,21667900,1,"{""data"":{""user_22732983_FillipiMartins"":{""label"":""FillipiMartins"",""type"":""user"",""id"":22732983},""value"":""@[user_22732983_FillipiMartins] give guy some time. It will come. 😊""}}",mobile,10,Vikings,0,0,2,2019-03-08 15:58:07,6905976,@FillipiMartins give guy some time. It will come. 😊,0,en,0,1,5,15379645,14
2018-12-21 11:30:37,0,,5,comment,21667900,0,null,mobile,20,Money Heist,0,0,3,2019-01-13 05:16:33,6472375,"Okay everyone hates Berlin, and it's okay but when you pull heist like this big, attitude like Berlin's is the way to successfully accomplish the heist. 👌",0,en,0,2,1,15386981,15
2018-12-24 04:45:04,0,,5,comment,21667900,0,null,mobile,20,Outlander,0,0,3,2018-12-28 14:52:40,6891638,"Roger, WHAT THE FUCK IS WRONG WITH YOU? YOU ASSHOLE!!
He just sailed 200 years before his own tine to do what? Left bree when they had a fight?
OH God!! And why did bree went with that psychopath in the room??
And those people just watched it happen, I'm so disappointed with all the people in that bar(?)",0,en,0,1,4,15414306,8
2018-12-24 04:45:57,0,15412871,5,comment,21667900,1,,mobile,841,Outlander,0,0,86,2026-06-07 19:54:20,6891638,"Yes, who the hell does that? I mean after one argument?? 😡 😡",0,en,0,2,4,15414309,8
2018-12-25 16:31:22,0,,5,comment,21667900,0,null,mobile,0,Poldark (2015),0,0,1,2018-12-25 16:31:25,5738940,'tis not fair ☹️💔,0,en,0,1,2,15424378,5
2018-12-31 11:11:49,0,15483172,5,comment,21667900,1,,mobile,281,Outlander,0,0,30,2025-07-25 09:33:33,6891642,"@rbo18, really grateful for you to write this. People (sometimes me) judges someone by their one dumb decision.
Well if Roger didn't go away and something doesn't happened to bree some people would say that he was not giving her the space.
Yes Roger shouldn't have left bree in times like this especially he came here to help bree.",0,en,0,2,4,15487372,9
2019-01-16 16:19:41,0,,5,comment,21667900,0,null,mobile,1720,This Is Us,0,0,174,2024-08-13 23:24:26,6898824,Never mess with GoT fan ❤️,0,en,0,1,3,15681350,10
2019-01-20 16:30:43,0,,5,comment,21667900,0,null,mobile,370,Outlander,0,0,38,2019-02-01 00:31:41,6944528,That ending was 😭😱😶😢,0,en,0,1,4,15740930,12
2019-01-23 11:59:59,0,,5,comment,21667900,0,null,mobile,20,This Is Us,0,0,3,2019-01-25 10:08:46,6939920,My heart just broke all over again 💔,0,en,0,1,3,15778382,11
2019-05-26 09:47:47,0,4059783,5,comment,21667900,1,,mobile,0,House of Cards (US),0,0,0,2019-05-26 09:48:36,4741199,"He's not dumbass, Frank is way awesome.",0,bi,0,0,2,17384230,13
2019-06-10 12:08:53,0,,5,comment,21667900,0,null,mobile,730,Big Little Lies,0,0,74,2023-09-28 11:49:40,7135184,Now that's the we call an ending.,0,en,0,1,2,17554999,1
2019-06-17 03:53:25,0,,5,comment,21667900,0,null,mobile,0,Big Little Lies,0,0,1,2019-06-17 04:11:24,7219153,This is getting darker and darker.,0,nb,0,1,2,17629477,2
2019-07-03 11:30:51,0,17795512,5,comment,21667900,1,,mobile,420,Euphoria (US),0,0,43,2023-06-03 17:22:27,7191325,I really want to see nate's good side. Please HBO i don't need any fucking plot twist.,0,en,0,1,1,17812873,3
2019-07-05 12:27:02,0,,5,comment,21667900,0,null,mobile,20,Stranger Things,0,0,3,2019-07-17 12:50:07,6933998,That fucking ending...,0,en,0,1,3,17845670,4
2019-07-05 12:27:39,0,,5,comment,21667900,0,null,mobile,20,Stranger Things,0,0,3,2019-07-17 12:50:07,6933998,That fucking ending...,0,en,0,1,3,17845674,4
2019-07-06 04:35:14,0,17845747,5,comment,21667900,1,,mobile,420,Stranger Things,0,0,43,2023-03-20 20:41:27,6934001,What about jaime Lannister?,0,en,0,1,3,17857636,6
2019-07-07 02:51:33,0,17845747,5,comment,21667900,1,"{""data"":{""user_18397193_LuckyLuciano"":{""label"":""LuckyLuciano"",""type"":""user"",""id"":18397193},""value"":""@[user_18397193_LuckyLuciano] definitely and theon also""}}",mobile,160,Stranger Things,0,0,17,2022-07-08 01:44:07,6934001,@LuckyLuciano definitely and theon also,0,en,0,1,3,17870116,6
2019-07-10 11:20:08,0,17845747,5,comment,21667900,1,,mobile,50,Stranger Things,2,0,6,2022-05-31 10:44:01,6934001,"@SelmaB, jaime really believes that he's no good than cersei. What he had with Brianne was good and pure. And he can't bear the idea of cersei die alone. After all they're siblings and lovers, as Strange as it sounds.",0,en,0,1,3,17911195,6
2019-07-11 11:50:36,0,,5,comment,21667900,0,null,mobile,180,Harlots,0,0,19,2021-03-06 03:15:32,7075645,"You're a good man. Theon.
Welcome ❤️",0,en,0,1,3,17923105,1
2019-07-11 11:51:08,0,,5,comment,21667900,0,null,mobile,1111,Harlots,0,0,113,2026-03-27 15:04:43,7075645,Wells are back. 😘🔥,0,en,0,2,3,17923110,1
2019-07-14 13:43:30,0,,5,comment,21667900,0,null,mobile,0,The Knick,0,0,1,2019-07-14 13:43:42,5315391,"Mr Cleary, you are amazing 😍",0,en,0,1,2,17956320,6
2019-07-27 11:37:13,0,15485755,5,comment,21667900,1,"{""data"":{""user_8916751_Quinlan🍀"":{""label"":""Quinlan🍀"",""type"":""user"",""id"":8916751},""value"":""@[user_8916751_Quinlan🍀] where is this normal?""}}",mobile,60,Ozark,0,0,7,2022-02-06 16:19:38,6778626,@Quinlan🍀 where is this normal?,0,en,0,1,2,18116281,10
2019-07-29 05:23:48,0,,5,comment,21667900,0,null,mobile,30,Euphoria (US),0,0,4,2019-11-13 13:10:55,7298128,You know HBO is corrupting you when you're rooting for a drug dealer. ❤️,0,en,0,1,1,18140193,7
2019-08-02 09:08:15,0,,5,comment,21667900,0,null,mobile,70,Harlots,0,0,8,2022-04-16 19:34:03,7271099,"Okay, season 3 is fabulous.
And It's only 2nd episode.
We're in for a treat.",0,en,0,1,3,18187410,2
2019-08-06 09:58:25,0,,5,comment,21667900,0,null,mobile,110,Euphoria (US),0,0,12,2020-07-25 13:17:43,7241233,Nate scared the shit out of me. Phenomenal actor.,0,en,0,1,1,18231564,8
2019-08-17 05:16:17,0,,5,comment,21667900,0,null,mobile,20,MINDHUNTER,0,0,3,2019-11-23 02:31:06,7314583,It's really exciting to watch when holden is back in the game.,0,en,0,1,2,18341593,2
2019-11-23 08:32:29,0,19189444,5,comment,21667900,1,"{""data"":{""user_19532161_NaomiTerHaar"":{""label"":""NaomiTerHaar"",""type"":""user"",""id"":19532161},""value"":""@[user_19532161_NaomiTerHaar] god! I despise tywin so much... He and his hollow wise words.""}}",mobile,20,The Crown,0,0,2,2019-12-29 19:05:26,7447927,@NaomiTerHaar god! I despise tywin so much... He and his hollow wise words.,0,en,0,0,3,19221162,5
2019-12-20 12:05:22,0,,5,comment,21667900,0,null,mobile,20,The Witcher,0,0,3,2022-03-31 12:12:29,7428555,Can't run from your destiny.,0,en,0,1,1,19429840,1
2019-12-28 12:08:02,0,,5,comment,21667900,0,null,mobile,340,You,0,0,35,2024-01-29 09:02:09,7448024,That was fucked up. Kinda like gone girl ending.,0,fy,0,2,2,19494697,10
2020-01-15 09:34:11,0,,5,comment,21667900,0,null,mobile,30,This Is Us,0,0,4,2020-05-05 10:13:47,7459925,"'I love you Rebecca Malone, don't you ever forget that.' that hit me hard. 😭",0,en,0,1,4,19641255,10
2020-01-22 11:41:41,0,19708221,5,comment,21667900,1,,mobile,761,This Is Us,0,0,78,2024-01-16 13:41:01,7509621,"Dude stop blaming Jack. He did nothing wrong, he stayed with him when Randall needed him. Ever think about jack how tired he is with his job and 3 kids, cut him some slack. And you can't blame him for Randall being afraid of disappointing people he was always there for him always. I will not listen when you talking bad about Jack.",1,en,0,2,4,19708531,11
2020-03-18 06:10:31,0,,5,comment,21667900,0,null,mobile,20,This Is Us,0,0,3,2020-05-05 10:24:30,7597569,"I think the kids (the big three and the kids nowadays also) are asking a lot from their parents. They want perfect parents and perfect life. And blame parents for the problems they're facing.
I mean come on they did what they could! We all seen Rebecca and Jack trying their best to raise them. But it's never enough, sometimes they say things they shouldn't have, throwing tantrums at them and expect them to understand what the hell is wrong with their life.",0,en,0,2,4,20200311,17
2020-04-02 06:42:11,0,,5,comment,21667900,0,null,mobile,30,Ozark,0,0,4,2020-09-19 20:33:25,7620104,Damn!,0,en,0,1,3,20373141,9
2020-04-27 05:52:33,0,,5,comment,21667900,0,null,mobile,40,The Last Kingdom,0,0,5,2023-05-22 12:59:29,7645408,Lol 😂 father beocca has competition 🤣,0,en,0,1,4,20720677,1
2020-04-27 10:19:52,0,,5,comment,21667900,0,null,mobile,60,The Last Kingdom,0,0,7,2023-05-31 09:34:51,7656407,That ending...,0,en,0,1,4,20722360,2
2020-04-29 06:13:16,0,,5,comment,21667900,0,null,mobile,10,Homeland,0,0,2,2022-01-10 03:57:44,4402622,"Who's the mole in the CIA? the blade incident, this bombing. God! I feel for brody.",0,en,0,1,2,20749516,12
2020-11-08 06:49:54,0,15316119,5,comment,21667900,1,"{""data"":{""user_16399243_Urška"":{""label"":""Urška"",""type"":""user"",""id"":16399243},""value"":""@[user_16399243_Urška] redemption ark is the best""}}",mobile,10,The Man in the High Castle,0,0,1,2020-11-08 21:02:17,5722837,@Urška redemption ark is the best,0,en,0,0,2,23004887,9
2022-09-05 13:09:51,0,31062381,5,comment,21667900,1,"{""data"":{""user_15300042_S."":{""label"":""S."",""type"":""user"",""id"":15300042},""value"":""@[user_15300042_S.] Ned would never propose someone to marry a 2 year old.""}}",mobile,70,House of the Dragon,0,0,7,2022-09-05 16:54:16,9082148,@S. Ned would never propose someone to marry a 2 year old.,0,en,0,0,1,31063053,3
2022-09-05 13:26:09,0,31062381,5,comment,21667900,1,"{""data"":{""user_15300042_S."":{""label"":""S."",""type"":""user"",""id"":15300042},""value"":""@[user_15300042_S.] My bad man. 😭😭 I mistook him for otto.""}}",mobile,10,House of the Dragon,0,0,1,2022-09-05 13:26:54,9082148,@S. My bad man. 😭😭 I mistook him for otto.,0,en,0,0,1,31063203,3
2022-10-24 00:00:01,0,31561379,5,comment,21667900,1,,mobile,300,House of the Dragon,0,0,31,2023-02-12 22:29:03,9082155,Pls 😭😭 vhagar remembering his old days 😭😭😭,0,en,0,1,1,31565690,10
2022-10-24 00:00:23,0,31561379,5,comment,21667900,1,"{""data"":{""user_21667900_imjimil"":{""label"":""imjimil"",""type"":""user"",""id"":21667900},""value"":""@[user_21667900_imjimil] i mean young but whatever""}}",mobile,20,House of the Dragon,0,0,2,2022-10-24 16:19:15,9082155,@imjimil i mean young but whatever,0,en,0,0,1,31565698,10
2023-05-02 01:55:47,0,,5,comment,21667900,0,null,mobile,40,Succession,0,0,4,2023-05-02 04:25:51,9543954,"Kendall rocked this shit ngl. He's indeed filling the big shoes. I mean to find out your co-host is not co-hosting couple of minutes before launch and then that shitshow with lukas... No way people thing shiv can do better, she's amazing at what sge does with political consultation but CEO, eh...",0,en,0,0,4,33351978,6
2023-05-09 01:37:52,0,33407808,5,comment,21667900,1,null,mobile,550,Succession,0,0,56,2026-06-27 09:05:51,9543955,My man tom had enough. Tom 🔛🔝,0,en,0,1,4,33417436,7
2023-05-09 01:39:15,0,33407838,5,comment,21667900,1,null,mobile,1150,Succession,0,0,116,2026-05-01 14:45:59,9543955,"Tom is right, shiv would be terrible mother. In the end children do become their parents.",0,en,0,1,4,33417450,7
2023-05-09 01:42:32,0,33408307,5,comment,21667900,1,null,mobile,320,Succession,0,0,32,2026-06-27 09:14:24,9543955,"Bro stop dickriding shiv, she's the weakest of 3, even roman. She's like cersei from GoT, people fall for her easily. Broaden your scope and realize shiv would be as good as a mother that kendall is as a father.",0,en,0,0,4,33417474,7
2023-05-09 01:47:28,0,33407877,5,comment,21667900,1,null,mobile,190,Succession,0,0,19,2026-06-07 00:59:43,9543955,"Sure, they do have very complex relationship but to say shiv loved tom in some way would be great injustice to the character. Shiv needs someone to fall back to and that's Tom, she's fucking him every way possible to get what she think she can handle.",0,en,0,0,4,33417527,7
2023-05-16 22:32:28,0,33475849,5,comment,21667900,1,null,mobile,1270,Succession,0,0,127,2026-06-27 09:51:56,9543956,"Stop pretending shiv is some kind of leftist. It suits her that's why she was out for him and her brothers are doing the same without actually plotting for her demise which she can't do. So stop dickriding her, it's like seeing elon musk fan, incel.",0,en,0,0,4,33487474,8
2023-05-16 22:34:29,0,33471286,5,comment,21667900,1,null,mobile,110,Succession,0,0,11,2023-06-01 10:53:21,9543956,Lol lots of shiv defenders salty. They don't want to admit shiv was supporting him because it suited her. There's a not an ounce of doubt that if manken was in shiv's favor we would see shiv all over his 🥩,0,en,0,0,4,33487486,8
2023-05-16 22:35:31,0,,5,comment,21667900,0,null,mobile,0,Succession,0,0,1,2023-05-16 22:35:33,9543956,So pinky can't dance. We March forward brothers. Let us see the light KLR 😂😭,0,en,0,1,4,33487496,8
2023-05-16 22:37:47,0,33471279,5,comment,21667900,1,null,mobile,60,Succession,0,0,6,2023-05-18 07:26:04,9543956,People beating you in your own game doesn't mean misogyny. I know seeing a woman lose makes you uneasy (cause break the wheel and shit..) but you can't slap misogyny sticker on it.,0,en,0,0,4,33487517,8
2023-05-22 22:23:14,0,33539477,5,comment,21667900,1,null,mobile,280,Succession,0,0,28,2026-06-02 03:19:14,9543957,"Lol 😂 if kendall would have been cry baby, roman would behave exactly like kendall did.",0,en,0,0,4,33547259,9
2023-05-22 22:24:30,0,33539335,5,comment,21667900,1,null,mobile,20,Succession,0,0,2,2025-07-12 15:50:37,9543957,Maybe it's time to watch some peak television.,0,en,0,0,4,33547275,9
2023-05-22 22:25:53,0,33539359,5,comment,21667900,1,null,mobile,40,Succession,0,0,4,2023-06-05 10:59:46,9543957,You want to show that in a bully competition shiv got fucked the most therefore now it's her time. To that notion we say grow up,0,en,0,0,4,33547283,9
2023-05-22 22:27:19,0,33541614,5,comment,21667900,1,null,mobile,190,Succession,0,0,19,2026-01-23 17:51:31,9543957,Honestly I want my guy to be as far as possible from this fuckfeat family,0,en,0,0,4,33547292,9
2023-05-22 22:29:23,0,33538846,5,comment,21667900,1,null,mobile,50,Succession,0,0,5,2026-01-23 17:54:54,9543957,"I mean right, even my dumb mind would imagine another season of epic power struggle 🤣😭",0,en,0,0,4,33547317,9
2023-09-24 00:38:31,0,34652477,5,comment,21667900,1,null,mobile,390,Sex Education,0,0,39,2025-08-26 21:53:18,9882281,It really was. Too much of too much. At the start of the season I thought it was a satire about extreme woke culture but I guess that's what they wanted to do. Really bad ending but at least we have good 3 seasons eh?,0,en,0,0,4,34658302,8
2023-09-24 00:40:05,0,34640200,5,comment,21667900,1,null,mobile,810,Sex Education,0,0,81,2025-05-31 10:53:12,9882281,"Right people are timeless. Wrong person , wrong time.",0,en,0,0,4,34658314,8
2024-02-28 21:05:11,0,26568217,5,comment,21667900,1,null,mobile,170,My Mister,0,0,17,2026-04-21 00:25:56,6548888,Am i the only one who doesn't want them together? There's already love there no need for romance. She doesn't need it right now,0,en,0,0,1,35962401,10
2024-03-02 00:18:59,0,12172842,5,comment,21667900,1,null,mobile,30,My Mister,0,0,3,2025-06-01 00:22:38,6548890,A child weaned on poison considers harm a comfort.,0,en,0,0,1,35980662,12
2024-03-16 01:07:30,0,35960598,5,comment,21667900,1,null,mobile,0,"Twenty Five, Twenty One",0,0,0,2024-03-16 01:07:30,8904911,Git forbid if some character is not completely one dimensional. At this point hee-do might have plot armor but making judgment is too early,0,en,0,0,1,36091199,7
2024-03-16 01:09:55,0,29018651,5,comment,21667900,1,null,mobile,10,"Twenty Five, Twenty One",0,0,1,2024-06-10 04:09:35,8904911,Damn! Not one comment defending yurim... I guess main character gets the sympathy without question. She's sore loser because she had everything to lose. She's not rich girl that can change her career,0,en,0,0,1,36091222,7
2024-03-16 01:11:48,0,29018878,5,comment,21667900,1,null,mobile,20,"Twenty Five, Twenty One",0,0,2,2025-08-26 02:05:20,8904911,She's a valid character. The problem I guess is that yurim is not main character so most people are not interested in her pov. It's easy to make her as single faceted character and move on,0,en,0,0,1,36091240,7
2024-03-16 01:14:45,0,,5,comment,21667900,0,null,mobile,0,"Twenty Five, Twenty One",0,0,0,2024-03-16 01:14:45,8904911,"Yurim - I don't want to be friends with hee-do. I'm not gonna talk to her or bully her. Just don't want to do anything with her.

Fans - ""she's getting on my nerves"", ""such an immature person"", ""I hate her"" 🤣

God forbid if someone is little mean to our cuttle little main character 😫",0,en,0,0,1,36091269,7
2024-05-07 21:23:29,0,,5,comment,21667900,0,null,mobile,0,Baby Reindeer,0,0,0,2024-05-07 21:23:29,10410197,"Long monologues are hard to get it right. Every time I see one done right, all I can think about is how good the writing. Completely invigorating from start to end. Not one loose sentence yet flexible enough to flow smoothly.",0,en,0,0,1,36508855,6
2024-05-09 03:05:02,0,30510434,5,comment,21667900,1,null,mobile,400,Better Call Saul,0,0,40,2026-05-17 19:16:13,5551774,"True but sometimes one can't fit into company culture. No one's fault, it's just way it is",0,en,0,0,2,36518824,7
2024-05-10 23:25:14,0,,5,comment,21667900,0,null,mobile,0,Better Call Saul,0,0,1,2024-05-10 23:25:29,5553667,"Nobody likes Chuck not because he fucked Jimmy over but because he believes he's better than him and not in terms of being lawyer but he actually believes he represents inherent good.

Jimmy is owning it like it is who I am, and I am who cut corners.",0,en,0,1,2,36533394,10
